time_point,sample,cell_type,n,frac
24h,RNASEQ03,Astrocyte,67,0.05313243457573354
24h,RNASEQ03,Microglia,1168,0.9262490087232356
24h,RNASEQ03,OPC,1,0.0007930214115781126
24h,RNASEQ03,Oligo,25,0.019825535289452814
24h,RNASEQ06,Astrocyte,40,0.025268477574226154
24h,RNASEQ06,Microglia,1501,0.9481996209728364
24h,RNASEQ06,Oligo,42,0.026531901452937462
24h,RNASEQ15,Astrocyte,37,0.017185322805387832
24h,RNASEQ15,Microglia,2060,0.9568044588945657
24h,RNASEQ15,Oligo,56,0.026010218300046448
24h,RNASEQ17L,Astrocyte,76,0.037163814180929094
24h,RNASEQ17L,Microglia,1928,0.9427872860635697
24h,RNASEQ17L,OPC,1,0.0004889975550122249
24h,RNASEQ17L,Oligo,40,0.019559902200488997
24h,RNASEQ18L,Astrocyte,75,0.02134927412467976
24h,RNASEQ18L,Microglia,3391,0.9652718474238543
24h,RNASEQ18L,OPC,2,0.000569313976658127
24h,RNASEQ18L,Oligo,45,0.012809564474807857
24h,RNASEQ19L,Astrocyte,38,0.020342612419700215
24h,RNASEQ19L,Microglia,1793,0.9598501070663812
24h,RNASEQ19L,OPC,2,0.0010706638115631692
24h,RNASEQ19L,Oligo,35,0.01873661670235546
6mo,MB765,Astrocyte,1141,0.29822268687924725
6mo,MB765,Microglia,1968,0.5143753267119707
6mo,MB765,OPC,33,0.008625196027182437
6mo,MB765,Oligo,684,0.17877679038159958
6mo,MB766,Astrocyte,694,0.2335127860026918
6mo,MB766,Microglia,2008,0.6756393001345895
6mo,MB766,OPC,35,0.011776581426648721
6mo,MB766,Oligo,235,0.07907133243606998
6mo,MB767,Astrocyte,702,0.20057142857142857
6mo,MB767,Microglia,2272,0.6491428571428571
6mo,MB767,OPC,87,0.024857142857142855
6mo,MB767,Oligo,439,0.12542857142857142
6mo,MB768,Astrocyte,1793,0.5309446254071661
6mo,MB768,Microglia,854,0.2528871779686112
6mo,MB768,OPC,61,0.0180633698549008
6mo,MB768,Oligo,669,0.1981048267693219
7d,ScGly_12,Astrocyte,473,0.15798263193052772
7d,ScGly_12,Microglia,2049,0.6843687374749499
7d,ScGly_12,OPC,209,0.0698062792251169
7d,ScGly_12,Oligo,263,0.08784235136940548
7d,ScGly_14,Astrocyte,768,0.2252199413489736
7d,ScGly_14,Microglia,1699,0.49824046920821113
7d,ScGly_14,OPC,337,0.09882697947214077
7d,ScGly_14,Oligo,606,0.17771260997067448
7d,ScGly_16,Astrocyte,499,0.3026076409945421
7d,ScGly_16,Microglia,629,0.38144329896907214
7d,ScGly_16,OPC,205,0.12431776834445118
7d,ScGly_16,Oligo,316,0.19163129169193452
Ctrl,RNASEQ04,Astrocyte,87,0.028422084286180985
Ctrl,RNASEQ04,Microglia,2959,0.9666775563541327
Ctrl,RNASEQ04,Oligo,15,0.004900359359686377
Ctrl,RNASEQ08,Astrocyte,124,0.031983492391023986
Ctrl,RNASEQ08,Microglia,3656,0.9429971627547072
Ctrl,RNASEQ08,OPC,1,0.00025793139025019347
Ctrl,RNASEQ08,Oligo,96,0.02476141346401857
Ctrl,RNASEQ10,Astrocyte,11,0.0023300148273670833
Ctrl,RNASEQ10,Microglia,4690,0.9934335945774201
Ctrl,RNASEQ10,OPC,2,0.00042363905952128787
Ctrl,RNASEQ10,Oligo,18,0.0038127515356915906
Ctrl,RNASEQ16,Astrocyte,111,0.035829567462879276
Ctrl,RNASEQ16,Microglia,2964,0.9567462879276953
Ctrl,RNASEQ16,Oligo,23,0.007424144609425436
Ctrl,RNASEQ23,Astrocyte,33,0.006578947368421052
Ctrl,RNASEQ23,Microglia,4933,0.9834529505582137
Ctrl,RNASEQ23,Oligo,50,0.009968102073365232
Ctrl,RNASEQ24,Astrocyte,110,0.017303759635047978
Ctrl,RNASEQ24,Microglia,6213,0.9773478055686645
Ctrl,RNASEQ24,OPC,1,0.00015730690577316344
Ctrl,RNASEQ24,Oligo,33,0.005191127890514393
Ctrl,RNASEQ25,Astrocyte,31,0.008157894736842105
Ctrl,RNASEQ25,Microglia,3752,0.9873684210526316
Ctrl,RNASEQ25,OPC,1,0.0002631578947368421
Ctrl,RNASEQ25,Oligo,16,0.004210526315789474
