"gene","bin_nUMI","group","sample","n_cells","det_pct"
"Cdkn1a",300,"NoTBI","GSM8384872_NoTBI_rep1",5,0
"Cdkn1a",300,"NoTBI","GSM8384873_NoTBI_rep2",6,16.667
"Cdkn1a",300,"NoTBI","GSM8384874_NoTBI_rep3",24,4.167
"Cdkn1a",300,"NoTBI","GSM8384875_NoTBI_rep4",7,0
"Cdkn1a",800,"NoTBI","GSM8384872_NoTBI_rep1",6,16.667
"Cdkn1a",800,"NoTBI","GSM8384873_NoTBI_rep2",11,0
"Cdkn1a",800,"NoTBI","GSM8384874_NoTBI_rep3",50,0
"Cdkn1a",800,"NoTBI","GSM8384875_NoTBI_rep4",9,11.111
"Cdkn1a",1200,"NoTBI","GSM8384872_NoTBI_rep1",29,3.448
"Cdkn1a",1200,"NoTBI","GSM8384873_NoTBI_rep2",20,15
"Cdkn1a",1200,"NoTBI","GSM8384874_NoTBI_rep3",63,4.762
"Cdkn1a",1200,"NoTBI","GSM8384875_NoTBI_rep4",14,7.143
"Cdkn1a",1600,"NoTBI","GSM8384872_NoTBI_rep1",88,3.409
"Cdkn1a",1600,"NoTBI","GSM8384873_NoTBI_rep2",56,7.143
"Cdkn1a",1600,"NoTBI","GSM8384874_NoTBI_rep3",126,10.317
"Cdkn1a",1600,"NoTBI","GSM8384875_NoTBI_rep4",49,14.286
"Cdkn1a",2000,"NoTBI","GSM8384872_NoTBI_rep1",203,19.704
"Cdkn1a",2000,"NoTBI","GSM8384873_NoTBI_rep2",84,13.095
"Cdkn1a",2000,"NoTBI","GSM8384874_NoTBI_rep3",196,11.735
"Cdkn1a",2000,"NoTBI","GSM8384875_NoTBI_rep4",68,5.882
"Cdkn1a",2400,"NoTBI","GSM8384872_NoTBI_rep1",227,27.753
"Cdkn1a",2400,"NoTBI","GSM8384873_NoTBI_rep2",117,20.513
"Cdkn1a",2400,"NoTBI","GSM8384874_NoTBI_rep3",297,16.835
"Cdkn1a",2400,"NoTBI","GSM8384875_NoTBI_rep4",114,21.93
"Cdkn1a",2800,"NoTBI","GSM8384872_NoTBI_rep1",269,41.636
"Cdkn1a",2800,"NoTBI","GSM8384873_NoTBI_rep2",99,37.374
"Cdkn1a",2800,"NoTBI","GSM8384874_NoTBI_rep3",418,33.493
"Cdkn1a",2800,"NoTBI","GSM8384875_NoTBI_rep4",146,24.658
"Cdkn1a",3200,"NoTBI","GSM8384872_NoTBI_rep1",317,46.372
"Cdkn1a",3200,"NoTBI","GSM8384873_NoTBI_rep2",112,52.679
"Cdkn1a",3200,"NoTBI","GSM8384874_NoTBI_rep3",455,43.297
"Cdkn1a",3200,"NoTBI","GSM8384875_NoTBI_rep4",139,48.921
"Cdkn1a",4000,"NoTBI","GSM8384872_NoTBI_rep1",1496,62.701
"Cdkn1a",4000,"NoTBI","GSM8384873_NoTBI_rep2",370,64.595
"Cdkn1a",4000,"NoTBI","GSM8384874_NoTBI_rep3",2278,60.755
"Cdkn1a",4000,"NoTBI","GSM8384875_NoTBI_rep4",1010,65.446
"Cdkn1a",300,"D1","GSM8384860_D1_rep1",6,16.667
"Cdkn1a",300,"D1","GSM8384861_D1_rep2",12,25
"Cdkn1a",300,"D1","GSM8384862_D1_rep3",22,0
"Cdkn1a",300,"D1","GSM8384863_D1_rep4",25,4
"Cdkn1a",800,"D1","GSM8384860_D1_rep1",40,5
"Cdkn1a",800,"D1","GSM8384861_D1_rep2",32,6.25
"Cdkn1a",800,"D1","GSM8384862_D1_rep3",69,15.942
"Cdkn1a",800,"D1","GSM8384863_D1_rep4",31,0
"Cdkn1a",1200,"D1","GSM8384860_D1_rep1",83,15.663
"Cdkn1a",1200,"D1","GSM8384861_D1_rep2",78,21.795
"Cdkn1a",1200,"D1","GSM8384862_D1_rep3",96,21.875
"Cdkn1a",1200,"D1","GSM8384863_D1_rep4",76,15.789
"Cdkn1a",1600,"D1","GSM8384860_D1_rep1",150,30.667
"Cdkn1a",1600,"D1","GSM8384861_D1_rep2",138,20.29
"Cdkn1a",1600,"D1","GSM8384862_D1_rep3",103,23.301
"Cdkn1a",1600,"D1","GSM8384863_D1_rep4",117,25.641
"Cdkn1a",2000,"D1","GSM8384860_D1_rep1",148,42.568
"Cdkn1a",2000,"D1","GSM8384861_D1_rep2",167,42.515
"Cdkn1a",2000,"D1","GSM8384862_D1_rep3",138,49.275
"Cdkn1a",2000,"D1","GSM8384863_D1_rep4",159,28.931
"Cdkn1a",2400,"D1","GSM8384860_D1_rep1",153,49.02
"Cdkn1a",2400,"D1","GSM8384861_D1_rep2",181,56.354
"Cdkn1a",2400,"D1","GSM8384862_D1_rep3",163,53.988
"Cdkn1a",2400,"D1","GSM8384863_D1_rep4",107,43.925
"Cdkn1a",2800,"D1","GSM8384860_D1_rep1",101,67.327
"Cdkn1a",2800,"D1","GSM8384861_D1_rep2",189,66.138
"Cdkn1a",2800,"D1","GSM8384862_D1_rep3",152,64.474
"Cdkn1a",2800,"D1","GSM8384863_D1_rep4",112,46.429
"Cdkn1a",3200,"D1","GSM8384860_D1_rep1",80,70
"Cdkn1a",3200,"D1","GSM8384861_D1_rep2",137,62.044
"Cdkn1a",3200,"D1","GSM8384862_D1_rep3",156,70.513
"Cdkn1a",3200,"D1","GSM8384863_D1_rep4",90,53.333
"Cdkn1a",4000,"D1","GSM8384860_D1_rep1",362,84.254
"Cdkn1a",4000,"D1","GSM8384861_D1_rep2",664,78.313
"Cdkn1a",4000,"D1","GSM8384862_D1_rep3",273,80.22
"Cdkn1a",4000,"D1","GSM8384863_D1_rep4",452,76.77
"Cdkn1a",300,"D7","GSM8384864_D7_rep1",146,30.822
"Cdkn1a",300,"D7","GSM8384865_D7_rep2",127,26.772
"Cdkn1a",300,"D7","GSM8384866_D7_rep3",156,21.795
"Cdkn1a",300,"D7","GSM8384867_D7_rep4",20,5
"Cdkn1a",800,"D7","GSM8384864_D7_rep1",516,29.264
"Cdkn1a",800,"D7","GSM8384865_D7_rep2",644,24.068
"Cdkn1a",800,"D7","GSM8384866_D7_rep3",801,22.347
"Cdkn1a",800,"D7","GSM8384867_D7_rep4",930,16.022
"Cdkn1a",1200,"D7","GSM8384864_D7_rep1",1244,37.138
"Cdkn1a",1200,"D7","GSM8384865_D7_rep2",1140,36.228
"Cdkn1a",1200,"D7","GSM8384866_D7_rep3",1240,33.468
"Cdkn1a",1200,"D7","GSM8384867_D7_rep4",1158,32.902
"Cdkn1a",1600,"D7","GSM8384864_D7_rep1",1110,45.135
"Cdkn1a",1600,"D7","GSM8384865_D7_rep2",1015,44.926
"Cdkn1a",1600,"D7","GSM8384866_D7_rep3",991,44.904
"Cdkn1a",1600,"D7","GSM8384867_D7_rep4",947,41.499
"Cdkn1a",2000,"D7","GSM8384864_D7_rep1",782,52.685
"Cdkn1a",2000,"D7","GSM8384865_D7_rep2",709,49.506
"Cdkn1a",2000,"D7","GSM8384866_D7_rep3",706,49.717
"Cdkn1a",2000,"D7","GSM8384867_D7_rep4",556,48.381
"Cdkn1a",2400,"D7","GSM8384864_D7_rep1",549,58.106
"Cdkn1a",2400,"D7","GSM8384865_D7_rep2",435,62.069
"Cdkn1a",2400,"D7","GSM8384866_D7_rep3",403,53.102
"Cdkn1a",2400,"D7","GSM8384867_D7_rep4",420,54.762
"Cdkn1a",2800,"D7","GSM8384864_D7_rep1",326,61.656
"Cdkn1a",2800,"D7","GSM8384865_D7_rep2",257,65.37
"Cdkn1a",2800,"D7","GSM8384866_D7_rep3",213,63.85
"Cdkn1a",2800,"D7","GSM8384867_D7_rep4",254,53.15
"Cdkn1a",3200,"D7","GSM8384864_D7_rep1",238,60.924
"Cdkn1a",3200,"D7","GSM8384865_D7_rep2",139,64.748
"Cdkn1a",3200,"D7","GSM8384866_D7_rep3",117,58.12
"Cdkn1a",3200,"D7","GSM8384867_D7_rep4",169,67.456
"Cdkn1a",4000,"D7","GSM8384864_D7_rep1",436,75.229
"Cdkn1a",4000,"D7","GSM8384865_D7_rep2",177,79.096
"Cdkn1a",4000,"D7","GSM8384866_D7_rep3",124,77.419
"Cdkn1a",4000,"D7","GSM8384867_D7_rep4",274,68.613
"Cdkn1a",300,"D28","GSM8384868_D28_rep1",257,19.066
"Cdkn1a",300,"D28","GSM8384869_D28_rep2",507,20.907
"Cdkn1a",300,"D28","GSM8384870_D28_rep3",484,24.793
"Cdkn1a",300,"D28","GSM8384871_D28_rep4",9,11.111
"Cdkn1a",800,"D28","GSM8384868_D28_rep1",834,31.535
"Cdkn1a",800,"D28","GSM8384869_D28_rep2",1078,35.714
"Cdkn1a",800,"D28","GSM8384870_D28_rep3",1094,37.569
"Cdkn1a",800,"D28","GSM8384871_D28_rep4",44,2.273
"Cdkn1a",1200,"D28","GSM8384868_D28_rep1",1040,37.885
"Cdkn1a",1200,"D28","GSM8384869_D28_rep2",949,37.829
"Cdkn1a",1200,"D28","GSM8384870_D28_rep3",1145,41.135
"Cdkn1a",1200,"D28","GSM8384871_D28_rep4",200,11.5
"Cdkn1a",1600,"D28","GSM8384868_D28_rep1",659,36.267
"Cdkn1a",1600,"D28","GSM8384869_D28_rep2",660,36.212
"Cdkn1a",1600,"D28","GSM8384870_D28_rep3",890,37.978
"Cdkn1a",1600,"D28","GSM8384871_D28_rep4",762,31.365
"Cdkn1a",2000,"D28","GSM8384868_D28_rep1",337,45.401
"Cdkn1a",2000,"D28","GSM8384869_D28_rep2",413,43.584
"Cdkn1a",2000,"D28","GSM8384870_D28_rep3",578,41.003
"Cdkn1a",2000,"D28","GSM8384871_D28_rep4",963,38.733
"Cdkn1a",2400,"D28","GSM8384868_D28_rep1",216,56.019
"Cdkn1a",2400,"D28","GSM8384869_D28_rep2",254,53.937
"Cdkn1a",2400,"D28","GSM8384870_D28_rep3",385,47.273
"Cdkn1a",2400,"D28","GSM8384871_D28_rep4",859,42.258
"Cdkn1a",2800,"D28","GSM8384868_D28_rep1",132,67.424
"Cdkn1a",2800,"D28","GSM8384869_D28_rep2",152,55.921
"Cdkn1a",2800,"D28","GSM8384870_D28_rep3",283,56.184
"Cdkn1a",2800,"D28","GSM8384871_D28_rep4",706,48.584
"Cdkn1a",3200,"D28","GSM8384868_D28_rep1",118,66.949
"Cdkn1a",3200,"D28","GSM8384869_D28_rep2",97,53.608
"Cdkn1a",3200,"D28","GSM8384870_D28_rep3",199,60.302
"Cdkn1a",3200,"D28","GSM8384871_D28_rep4",456,55.921
"Cdkn1a",4000,"D28","GSM8384868_D28_rep1",317,78.864
"Cdkn1a",4000,"D28","GSM8384869_D28_rep2",394,73.096
"Cdkn1a",4000,"D28","GSM8384870_D28_rep3",578,71.799
"Cdkn1a",4000,"D28","GSM8384871_D28_rep4",920,66.522
"Cdkn2a",300,"NoTBI","GSM8384872_NoTBI_rep1",5,0
"Cdkn2a",300,"NoTBI","GSM8384873_NoTBI_rep2",6,0
"Cdkn2a",300,"NoTBI","GSM8384874_NoTBI_rep3",24,0
"Cdkn2a",300,"NoTBI","GSM8384875_NoTBI_rep4",7,0
"Cdkn2a",800,"NoTBI","GSM8384872_NoTBI_rep1",6,0
"Cdkn2a",800,"NoTBI","GSM8384873_NoTBI_rep2",11,0
"Cdkn2a",800,"NoTBI","GSM8384874_NoTBI_rep3",50,0
"Cdkn2a",800,"NoTBI","GSM8384875_NoTBI_rep4",9,0
"Cdkn2a",1200,"NoTBI","GSM8384872_NoTBI_rep1",29,0
"Cdkn2a",1200,"NoTBI","GSM8384873_NoTBI_rep2",20,0
"Cdkn2a",1200,"NoTBI","GSM8384874_NoTBI_rep3",63,0
"Cdkn2a",1200,"NoTBI","GSM8384875_NoTBI_rep4",14,0
"Cdkn2a",1600,"NoTBI","GSM8384872_NoTBI_rep1",88,0
"Cdkn2a",1600,"NoTBI","GSM8384873_NoTBI_rep2",56,0
"Cdkn2a",1600,"NoTBI","GSM8384874_NoTBI_rep3",126,0
"Cdkn2a",1600,"NoTBI","GSM8384875_NoTBI_rep4",49,0
"Cdkn2a",2000,"NoTBI","GSM8384872_NoTBI_rep1",203,0
"Cdkn2a",2000,"NoTBI","GSM8384873_NoTBI_rep2",84,0
"Cdkn2a",2000,"NoTBI","GSM8384874_NoTBI_rep3",196,0
"Cdkn2a",2000,"NoTBI","GSM8384875_NoTBI_rep4",68,0
"Cdkn2a",2400,"NoTBI","GSM8384872_NoTBI_rep1",227,0
"Cdkn2a",2400,"NoTBI","GSM8384873_NoTBI_rep2",117,0
"Cdkn2a",2400,"NoTBI","GSM8384874_NoTBI_rep3",297,0
"Cdkn2a",2400,"NoTBI","GSM8384875_NoTBI_rep4",114,0
"Cdkn2a",2800,"NoTBI","GSM8384872_NoTBI_rep1",269,0
"Cdkn2a",2800,"NoTBI","GSM8384873_NoTBI_rep2",99,0
"Cdkn2a",2800,"NoTBI","GSM8384874_NoTBI_rep3",418,0
"Cdkn2a",2800,"NoTBI","GSM8384875_NoTBI_rep4",146,0
"Cdkn2a",3200,"NoTBI","GSM8384872_NoTBI_rep1",317,0.315
"Cdkn2a",3200,"NoTBI","GSM8384873_NoTBI_rep2",112,0
"Cdkn2a",3200,"NoTBI","GSM8384874_NoTBI_rep3",455,0
"Cdkn2a",3200,"NoTBI","GSM8384875_NoTBI_rep4",139,0.719
"Cdkn2a",4000,"NoTBI","GSM8384872_NoTBI_rep1",1496,0.201
"Cdkn2a",4000,"NoTBI","GSM8384873_NoTBI_rep2",370,0
"Cdkn2a",4000,"NoTBI","GSM8384874_NoTBI_rep3",2278,0.176
"Cdkn2a",4000,"NoTBI","GSM8384875_NoTBI_rep4",1010,0.297
"Cdkn2a",300,"D1","GSM8384860_D1_rep1",6,0
"Cdkn2a",300,"D1","GSM8384861_D1_rep2",12,0
"Cdkn2a",300,"D1","GSM8384862_D1_rep3",22,0
"Cdkn2a",300,"D1","GSM8384863_D1_rep4",25,0
"Cdkn2a",800,"D1","GSM8384860_D1_rep1",40,0
"Cdkn2a",800,"D1","GSM8384861_D1_rep2",32,0
"Cdkn2a",800,"D1","GSM8384862_D1_rep3",69,0
"Cdkn2a",800,"D1","GSM8384863_D1_rep4",31,0
"Cdkn2a",1200,"D1","GSM8384860_D1_rep1",83,0
"Cdkn2a",1200,"D1","GSM8384861_D1_rep2",78,0
"Cdkn2a",1200,"D1","GSM8384862_D1_rep3",96,0
"Cdkn2a",1200,"D1","GSM8384863_D1_rep4",76,0
"Cdkn2a",1600,"D1","GSM8384860_D1_rep1",150,0
"Cdkn2a",1600,"D1","GSM8384861_D1_rep2",138,0
"Cdkn2a",1600,"D1","GSM8384862_D1_rep3",103,0
"Cdkn2a",1600,"D1","GSM8384863_D1_rep4",117,0
"Cdkn2a",2000,"D1","GSM8384860_D1_rep1",148,0
"Cdkn2a",2000,"D1","GSM8384861_D1_rep2",167,0
"Cdkn2a",2000,"D1","GSM8384862_D1_rep3",138,0
"Cdkn2a",2000,"D1","GSM8384863_D1_rep4",159,0
"Cdkn2a",2400,"D1","GSM8384860_D1_rep1",153,0
"Cdkn2a",2400,"D1","GSM8384861_D1_rep2",181,0
"Cdkn2a",2400,"D1","GSM8384862_D1_rep3",163,0.613
"Cdkn2a",2400,"D1","GSM8384863_D1_rep4",107,0
"Cdkn2a",2800,"D1","GSM8384860_D1_rep1",101,0.99
"Cdkn2a",2800,"D1","GSM8384861_D1_rep2",189,0.529
"Cdkn2a",2800,"D1","GSM8384862_D1_rep3",152,0.658
"Cdkn2a",2800,"D1","GSM8384863_D1_rep4",112,0.893
"Cdkn2a",3200,"D1","GSM8384860_D1_rep1",80,0
"Cdkn2a",3200,"D1","GSM8384861_D1_rep2",137,0
"Cdkn2a",3200,"D1","GSM8384862_D1_rep3",156,0
"Cdkn2a",3200,"D1","GSM8384863_D1_rep4",90,1.111
"Cdkn2a",4000,"D1","GSM8384860_D1_rep1",362,0
"Cdkn2a",4000,"D1","GSM8384861_D1_rep2",664,0.301
"Cdkn2a",4000,"D1","GSM8384862_D1_rep3",273,2.198
"Cdkn2a",4000,"D1","GSM8384863_D1_rep4",452,1.106
"Cdkn2a",300,"D7","GSM8384864_D7_rep1",146,0
"Cdkn2a",300,"D7","GSM8384865_D7_rep2",127,0
"Cdkn2a",300,"D7","GSM8384866_D7_rep3",156,0
"Cdkn2a",300,"D7","GSM8384867_D7_rep4",20,0
"Cdkn2a",800,"D7","GSM8384864_D7_rep1",516,0
"Cdkn2a",800,"D7","GSM8384865_D7_rep2",644,0
"Cdkn2a",800,"D7","GSM8384866_D7_rep3",801,0.125
"Cdkn2a",800,"D7","GSM8384867_D7_rep4",930,0
"Cdkn2a",1200,"D7","GSM8384864_D7_rep1",1244,0.161
"Cdkn2a",1200,"D7","GSM8384865_D7_rep2",1140,0.439
"Cdkn2a",1200,"D7","GSM8384866_D7_rep3",1240,0.161
"Cdkn2a",1200,"D7","GSM8384867_D7_rep4",1158,0.173
"Cdkn2a",1600,"D7","GSM8384864_D7_rep1",1110,0.18
"Cdkn2a",1600,"D7","GSM8384865_D7_rep2",1015,0.197
"Cdkn2a",1600,"D7","GSM8384866_D7_rep3",991,0.101
"Cdkn2a",1600,"D7","GSM8384867_D7_rep4",947,0.106
"Cdkn2a",2000,"D7","GSM8384864_D7_rep1",782,0.384
"Cdkn2a",2000,"D7","GSM8384865_D7_rep2",709,0.423
"Cdkn2a",2000,"D7","GSM8384866_D7_rep3",706,0.283
"Cdkn2a",2000,"D7","GSM8384867_D7_rep4",556,0.36
"Cdkn2a",2400,"D7","GSM8384864_D7_rep1",549,0.364
"Cdkn2a",2400,"D7","GSM8384865_D7_rep2",435,0.92
"Cdkn2a",2400,"D7","GSM8384866_D7_rep3",403,0.744
"Cdkn2a",2400,"D7","GSM8384867_D7_rep4",420,0.714
"Cdkn2a",2800,"D7","GSM8384864_D7_rep1",326,0.613
"Cdkn2a",2800,"D7","GSM8384865_D7_rep2",257,1.556
"Cdkn2a",2800,"D7","GSM8384866_D7_rep3",213,0.939
"Cdkn2a",2800,"D7","GSM8384867_D7_rep4",254,1.181
"Cdkn2a",3200,"D7","GSM8384864_D7_rep1",238,0
"Cdkn2a",3200,"D7","GSM8384865_D7_rep2",139,2.878
"Cdkn2a",3200,"D7","GSM8384866_D7_rep3",117,0.855
"Cdkn2a",3200,"D7","GSM8384867_D7_rep4",169,0
"Cdkn2a",4000,"D7","GSM8384864_D7_rep1",436,0.917
"Cdkn2a",4000,"D7","GSM8384865_D7_rep2",177,1.13
"Cdkn2a",4000,"D7","GSM8384866_D7_rep3",124,1.613
"Cdkn2a",4000,"D7","GSM8384867_D7_rep4",274,2.92
"Cdkn2a",300,"D28","GSM8384868_D28_rep1",257,0
"Cdkn2a",300,"D28","GSM8384869_D28_rep2",507,0
"Cdkn2a",300,"D28","GSM8384870_D28_rep3",484,0
"Cdkn2a",300,"D28","GSM8384871_D28_rep4",9,0
"Cdkn2a",800,"D28","GSM8384868_D28_rep1",834,0
"Cdkn2a",800,"D28","GSM8384869_D28_rep2",1078,0
"Cdkn2a",800,"D28","GSM8384870_D28_rep3",1094,0
"Cdkn2a",800,"D28","GSM8384871_D28_rep4",44,0
"Cdkn2a",1200,"D28","GSM8384868_D28_rep1",1040,0.288
"Cdkn2a",1200,"D28","GSM8384869_D28_rep2",949,0.105
"Cdkn2a",1200,"D28","GSM8384870_D28_rep3",1145,0.175
"Cdkn2a",1200,"D28","GSM8384871_D28_rep4",200,0.5
"Cdkn2a",1600,"D28","GSM8384868_D28_rep1",659,0.303
"Cdkn2a",1600,"D28","GSM8384869_D28_rep2",660,0
"Cdkn2a",1600,"D28","GSM8384870_D28_rep3",890,0.112
"Cdkn2a",1600,"D28","GSM8384871_D28_rep4",762,0.131
"Cdkn2a",2000,"D28","GSM8384868_D28_rep1",337,0
"Cdkn2a",2000,"D28","GSM8384869_D28_rep2",413,0.484
"Cdkn2a",2000,"D28","GSM8384870_D28_rep3",578,0.346
"Cdkn2a",2000,"D28","GSM8384871_D28_rep4",963,0.312
"Cdkn2a",2400,"D28","GSM8384868_D28_rep1",216,0
"Cdkn2a",2400,"D28","GSM8384869_D28_rep2",254,0.787
"Cdkn2a",2400,"D28","GSM8384870_D28_rep3",385,0.26
"Cdkn2a",2400,"D28","GSM8384871_D28_rep4",859,0.233
"Cdkn2a",2800,"D28","GSM8384868_D28_rep1",132,0
"Cdkn2a",2800,"D28","GSM8384869_D28_rep2",152,0.658
"Cdkn2a",2800,"D28","GSM8384870_D28_rep3",283,0.707
"Cdkn2a",2800,"D28","GSM8384871_D28_rep4",706,0.142
"Cdkn2a",3200,"D28","GSM8384868_D28_rep1",118,0
"Cdkn2a",3200,"D28","GSM8384869_D28_rep2",97,1.031
"Cdkn2a",3200,"D28","GSM8384870_D28_rep3",199,1.005
"Cdkn2a",3200,"D28","GSM8384871_D28_rep4",456,0.439
"Cdkn2a",4000,"D28","GSM8384868_D28_rep1",317,2.839
"Cdkn2a",4000,"D28","GSM8384869_D28_rep2",394,2.792
"Cdkn2a",4000,"D28","GSM8384870_D28_rep3",578,1.557
"Cdkn2a",4000,"D28","GSM8384871_D28_rep4",920,1.63
