"gene","bin_nUMI","group","n_cells","n_mice","det_pct_pooled","det_pct_mousemean"
"Cdkn1a",300,"NoTBI",42,4,4.762,5.208
"Cdkn1a",800,"NoTBI",76,4,2.632,6.944
"Cdkn1a",1200,"NoTBI",126,4,6.349,7.588
"Cdkn1a",1600,"NoTBI",319,4,8.464,8.789
"Cdkn1a",2000,"NoTBI",551,4,14.156,12.604
"Cdkn1a",2400,"NoTBI",755,4,21.457,21.758
"Cdkn1a",2800,"NoTBI",932,4,34.871,34.29
"Cdkn1a",3200,"NoTBI",1023,4,46.041,47.817
"Cdkn1a",4000,"NoTBI",5154,4,62.515,63.374
"Cdkn1a",300,"D1",65,4,7.692,11.417
"Cdkn1a",800,"D1",172,4,8.721,6.798
"Cdkn1a",1200,"D1",333,4,18.919,18.78
"Cdkn1a",1600,"D1",508,4,25.197,24.975
"Cdkn1a",2000,"D1",612,4,40.523,40.822
"Cdkn1a",2400,"D1",604,4,51.656,50.822
"Cdkn1a",2800,"D1",554,4,61.913,61.092
"Cdkn1a",3200,"D1",463,4,64.579,63.972
"Cdkn1a",4000,"D1",1751,4,79.44,79.889
"Cdkn1a",300,"D7",449,4,25.39,21.097
"Cdkn1a",800,"D7",2891,4,21.93,22.925
"Cdkn1a",1200,"D7",4782,4,34.944,34.934
"Cdkn1a",1600,"D7",4063,4,44.179,44.116
"Cdkn1a",2000,"D7",2753,4,50.236,50.072
"Cdkn1a",2400,"D7",1807,4,57.167,57.01
"Cdkn1a",2800,"D7",1050,4,60.952,61.006
"Cdkn1a",3200,"D7",663,4,62.896,62.812
"Cdkn1a",4000,"D7",1011,4,74.382,75.089
"Cdkn1a",300,"D28",1257,4,21.957,18.969
"Cdkn1a",800,"D28",3050,4,34.754,26.773
"Cdkn1a",1200,"D28",3334,4,37.403,32.087
"Cdkn1a",1600,"D28",2971,4,35.51,35.455
"Cdkn1a",2000,"D28",2291,4,41.161,42.18
"Cdkn1a",2400,"D28",1714,4,46.849,49.872
"Cdkn1a",2800,"D28",1273,4,53.103,57.028
"Cdkn1a",3200,"D28",870,4,58.161,59.195
"Cdkn1a",4000,"D28",2209,4,70.847,72.57
"Cdkn2a",300,"NoTBI",42,4,0,0
"Cdkn2a",800,"NoTBI",76,4,0,0
"Cdkn2a",1200,"NoTBI",126,4,0,0
"Cdkn2a",1600,"NoTBI",319,4,0,0
"Cdkn2a",2000,"NoTBI",551,4,0,0
"Cdkn2a",2400,"NoTBI",755,4,0,0
"Cdkn2a",2800,"NoTBI",932,4,0,0
"Cdkn2a",3200,"NoTBI",1023,4,0.196,0.259
"Cdkn2a",4000,"NoTBI",5154,4,0.194,0.168
"Cdkn2a",300,"D1",65,4,0,0
"Cdkn2a",800,"D1",172,4,0,0
"Cdkn2a",1200,"D1",333,4,0,0
"Cdkn2a",1600,"D1",508,4,0,0
"Cdkn2a",2000,"D1",612,4,0,0
"Cdkn2a",2400,"D1",604,4,0.166,0.153
"Cdkn2a",2800,"D1",554,4,0.722,0.767
"Cdkn2a",3200,"D1",463,4,0.216,0.278
"Cdkn2a",4000,"D1",1751,4,0.742,0.901
"Cdkn2a",300,"D7",449,4,0,0
"Cdkn2a",800,"D7",2891,4,0.035,0.031
"Cdkn2a",1200,"D7",4782,4,0.23,0.233
"Cdkn2a",1600,"D7",4063,4,0.148,0.146
"Cdkn2a",2000,"D7",2753,4,0.363,0.362
"Cdkn2a",2400,"D7",1807,4,0.664,0.686
"Cdkn2a",2800,"D7",1050,4,1.048,1.072
"Cdkn2a",3200,"D7",663,4,0.754,0.933
"Cdkn2a",4000,"D7",1011,4,1.583,1.645
"Cdkn2a",300,"D28",1257,4,0,0
"Cdkn2a",800,"D28",3050,4,0,0
"Cdkn2a",1200,"D28",3334,4,0.21,0.267
"Cdkn2a",1600,"D28",2971,4,0.135,0.137
"Cdkn2a",2000,"D28",2291,4,0.306,0.285
"Cdkn2a",2400,"D28",1714,4,0.292,0.32
"Cdkn2a",2800,"D28",1273,4,0.314,0.377
"Cdkn2a",3200,"D28",870,4,0.575,0.619
"Cdkn2a",4000,"D28",2209,4,1.992,2.205
