"sample","time_point","value","n","metric","celltype"
"RNASEQ03","24h",35.8732876712329,1168,"p21","Microglia"
"RNASEQ06","24h",31.5789473684211,1501,"p21","Microglia"
"RNASEQ15","24h",46.8446601941748,2060,"p21","Microglia"
"RNASEQ17L","24h",30.9647302904564,1928,"p21","Microglia"
"RNASEQ18L","24h",40.5190209377765,3391,"p21","Microglia"
"RNASEQ19L","24h",44.6179587283882,1793,"p21","Microglia"
"MB765","6mo",11.9868348274963,1968,"p21","Microglia"
"MB766","6mo",7.8653782719483,2008,"p21","Microglia"
"MB767","6mo",7.53280799131127,2272,"p21","Microglia"
"MB768","6mo",5.67510827728339,854,"p21","Microglia"
"ScGly_12","7d",23.2546282092306,2049,"p21","Microglia"
"ScGly_14","7d",13.352340265389,1699,"p21","Microglia"
"ScGly_16","7d",19.95758947597,629,"p21","Microglia"
"RNASEQ04","Ctrl",15.0388644812437,2959,"p21","Microglia"
"RNASEQ08","Ctrl",12.609409190372,3656,"p21","Microglia"
"RNASEQ10","Ctrl",17.6119402985075,4690,"p21","Microglia"
"RNASEQ16","Ctrl",7.89473684210526,2964,"p21","Microglia"
"RNASEQ23","Ctrl",15.8929657409284,4933,"p21","Microglia"
"RNASEQ24","Ctrl",14.9042330597135,6213,"p21","Microglia"
"RNASEQ25","Ctrl",18.5501066098081,3752,"p21","Microglia"
"RNASEQ03","24h",0.342465753424658,1168,"p16","Microglia"
"RNASEQ06","24h",0.33311125916056,1501,"p16","Microglia"
"RNASEQ15","24h",0.242718446601942,2060,"p16","Microglia"
"RNASEQ17L","24h",0.466804979253112,1928,"p16","Microglia"
"RNASEQ18L","24h",0.353877912120318,3391,"p16","Microglia"
"RNASEQ19L","24h",0.334634690462911,1793,"p16","Microglia"
"MB765","6mo",0.144894804010277,1968,"p16","Microglia"
"MB766","6mo",0.317185710241658,2008,"p16","Microglia"
"MB767","6mo",0.284648391623636,2272,"p16","Microglia"
"MB768","6mo",0.177450580578759,854,"p16","Microglia"
"ScGly_12","7d",0.274093426129012,2049,"p16","Microglia"
"ScGly_14","7d",0.176574455562095,1699,"p16","Microglia"
"ScGly_16","7d",0.421038059758701,629,"p16","Microglia"
"RNASEQ04","Ctrl",0.0337952010814464,2959,"p16","Microglia"
"RNASEQ08","Ctrl",0.164113785557987,3656,"p16","Microglia"
"RNASEQ10","Ctrl",0.0213219616204691,4690,"p16","Microglia"
"RNASEQ16","Ctrl",0,2964,"p16","Microglia"
"RNASEQ23","Ctrl",0.0405432799513481,4933,"p16","Microglia"
"RNASEQ24","Ctrl",0.0482858522452921,6213,"p16","Microglia"
"RNASEQ25","Ctrl",0,3752,"p16","Microglia"
"RNASEQ03","24h",13.4328358208955,67,"p21","Astrocyte"
"RNASEQ06","24h",10,40,"p21","Astrocyte"
"RNASEQ15","24h",32.4324324324324,37,"p21","Astrocyte"
"RNASEQ17L","24h",17.1052631578947,76,"p21","Astrocyte"
"RNASEQ18L","24h",26.6666666666667,75,"p21","Astrocyte"
"RNASEQ19L","24h",31.5789473684211,38,"p21","Astrocyte"
"MB765","6mo",3.47603522592779,1141,"p21","Astrocyte"
"MB766","6mo",3.77143462251764,694,"p21","Astrocyte"
"MB767","6mo",3.7804356937291,702,"p21","Astrocyte"
"MB768","6mo",3.73399366285944,1793,"p21","Astrocyte"
"ScGly_12","7d",4.3573894625381,473,"p21","Astrocyte"
"ScGly_14","7d",2.86458333333333,768,"p21","Astrocyte"
"ScGly_16","7d",0.142687153402321,499,"p21","Astrocyte"
"RNASEQ04","Ctrl",1.14942528735632,87,"p21","Astrocyte"
"RNASEQ08","Ctrl",6.45161290322581,124,"p21","Astrocyte"
"RNASEQ10","Ctrl",0,11,"p21","Astrocyte"
"RNASEQ16","Ctrl",3.6036036036036,111,"p21","Astrocyte"
"RNASEQ23","Ctrl",0,33,"p21","Astrocyte"
"RNASEQ24","Ctrl",0.909090909090909,110,"p21","Astrocyte"
"RNASEQ25","Ctrl",6.45161290322581,31,"p21","Astrocyte"
"RNASEQ03","24h",0,67,"p16","Astrocyte"
"RNASEQ06","24h",0,40,"p16","Astrocyte"
"RNASEQ15","24h",0,37,"p16","Astrocyte"
"RNASEQ17L","24h",0,76,"p16","Astrocyte"
"RNASEQ18L","24h",0,75,"p16","Astrocyte"
"RNASEQ19L","24h",0,38,"p16","Astrocyte"
"MB765","6mo",0,1141,"p16","Astrocyte"
"MB766","6mo",0,694,"p16","Astrocyte"
"MB767","6mo",0,702,"p16","Astrocyte"
"MB768","6mo",0.0664864645659701,1793,"p16","Astrocyte"
"ScGly_12","7d",0.185629987523857,473,"p16","Astrocyte"
"ScGly_14","7d",0,768,"p16","Astrocyte"
"ScGly_16","7d",0.543488756608734,499,"p16","Astrocyte"
"RNASEQ04","Ctrl",0,87,"p16","Astrocyte"
"RNASEQ08","Ctrl",0,124,"p16","Astrocyte"
"RNASEQ10","Ctrl",0,11,"p16","Astrocyte"
"RNASEQ16","Ctrl",0,111,"p16","Astrocyte"
"RNASEQ23","Ctrl",0,33,"p16","Astrocyte"
"RNASEQ24","Ctrl",0,110,"p16","Astrocyte"
"RNASEQ25","Ctrl",0,31,"p16","Astrocyte"
"RNASEQ03","24h",24,25,"p21","Oligo"
"RNASEQ06","24h",23.8095238095238,42,"p21","Oligo"
"RNASEQ15","24h",50,56,"p21","Oligo"
"RNASEQ17L","24h",50,40,"p21","Oligo"
"RNASEQ18L","24h",28.8888888888889,45,"p21","Oligo"
"RNASEQ19L","24h",37.1428571428571,35,"p21","Oligo"
"MB765","6mo",5.31120168976055,684,"p21","Oligo"
"MB766","6mo",3.12721642604797,235,"p21","Oligo"
"MB767","6mo",3.6132617186377,439,"p21","Oligo"
"MB768","6mo",5.60070385313906,669,"p21","Oligo"
"ScGly_12","7d",8.56805188319357,263,"p21","Oligo"
"ScGly_14","7d",3.04154277188767,606,"p21","Oligo"
"ScGly_16","7d",5.92412653123085,316,"p21","Oligo"
"RNASEQ04","Ctrl",0,15,"p21","Oligo"
"RNASEQ08","Ctrl",7.29166666666667,96,"p21","Oligo"
"RNASEQ10","Ctrl",0,18,"p21","Oligo"
"RNASEQ16","Ctrl",0,23,"p21","Oligo"
"RNASEQ23","Ctrl",0,50,"p21","Oligo"
"RNASEQ24","Ctrl",0,33,"p21","Oligo"
"RNASEQ25","Ctrl",0,16,"p21","Oligo"
"RNASEQ03","24h",0,25,"p16","Oligo"
"RNASEQ06","24h",0,42,"p16","Oligo"
"RNASEQ15","24h",0,56,"p16","Oligo"
"RNASEQ17L","24h",0,40,"p16","Oligo"
"RNASEQ18L","24h",0,45,"p16","Oligo"
"RNASEQ19L","24h",0,35,"p16","Oligo"
"MB765","6mo",0.292397660818713,684,"p16","Oligo"
"MB766","6mo",0.151071300778749,235,"p16","Oligo"
"MB767","6mo",0.168333882505787,439,"p16","Oligo"
"MB768","6mo",0.54791230657354,669,"p16","Oligo"
"ScGly_12","7d",0,263,"p16","Oligo"
"ScGly_14","7d",0,606,"p16","Oligo"
"ScGly_16","7d",0.0946902480402411,316,"p16","Oligo"
"RNASEQ04","Ctrl",0,15,"p16","Oligo"
"RNASEQ08","Ctrl",0,96,"p16","Oligo"
"RNASEQ10","Ctrl",0,18,"p16","Oligo"
"RNASEQ16","Ctrl",0,23,"p16","Oligo"
"RNASEQ23","Ctrl",0,50,"p16","Oligo"
"RNASEQ24","Ctrl",0,33,"p16","Oligo"
"RNASEQ25","Ctrl",0,16,"p16","Oligo"
"MB765","6mo",5.92182152100666,33,"p21","OPC"
"MB766","6mo",6.04098488244357,35,"p21","OPC"
"MB767","6mo",3.90311810542268,87,"p21","OPC"
"MB768","6mo",5.70180091228763,61,"p21","OPC"
"ScGly_12","7d",4.00024762662617,209,"p21","OPC"
"ScGly_14","7d",1.1467467221499,337,"p21","OPC"
"ScGly_16","7d",5.44003757062713,205,"p21","OPC"
"MB765","6mo",1.60363970281179,33,"p16","OPC"
"MB766","6mo",3.57894626274744,35,"p16","OPC"
"MB767","6mo",2.35271808569143,87,"p16","OPC"
"MB768","6mo",0.783768125402381,61,"p16","OPC"
"ScGly_12","7d",0.373937654996519,209,"p16","OPC"
"ScGly_14","7d",0,337,"p16","OPC"
"ScGly_16","7d",1.32357602818495,205,"p16","OPC"
