"floor","gene","NoTBI","D1","D7","D28","fold_D1","p_D1","fold_D7","p_D7","fold_D28","p_D28"
800,"p21",10.0286931213588,14.4700356626288,20.7934376599189,20.5333314865515,1.442863540396,0.0285714285714286,2.07339454984755,0.0285714285714286,2.04745835155932,0.0285714285714286
800,"p16",0.0248992993479685,0.0742816231497582,0.138970221316073,0.105109294401818,2.98328166233396,0.2,5.58129043608657,0.0285714285714286,4.22137558703612,0.0285714285714286
1000,"p21",12.5257654613341,18.004568488489,25.3813267870587,24.3407496689667,1.43740265168365,0.0285714285714286,2.0263293980243,0.0285714285714286,1.94325446569349,0.0285714285714286
1000,"p16",0.0311241241853328,0.0928520289361931,0.172397264121491,0.131386618002366,2.983281662266,0.2,5.53902378408879,0.0285714285714286,4.22137558698862,0.0285714285714286
1200,"p21",15.0106819297134,21.4890444005892,29.3247249687285,27.4415376747664,1.43158348842579,0.0285714285714286,1.95359045685197,0.0285714285714286,1.82813397840682,0.0285714285714286
1200,"p16",0.0373489490222372,0.11142243472449,0.202085292981528,0.156959522699447,2.98328166230729,0.2,5.41073573077541,0.0285714285714286,4.20251511243315,0.0285714285714286
1400,"p21",17.4846797739652,24.8735143229425,32.5438082648161,29.9743975842564,1.42258906908774,0.0285714285714286,1.86127562446263,0.0285714285714286,1.71432350902351,0.0285714285714286
1400,"p16",0.0435737738591908,0.129992840510852,0.226869627929128,0.179451677012231,2.983281662289,0.2,5.20656366974914,0.0285714285714286,4.11834140398606,0.0285714285714286
1540,"p21",19.2110532025093,27.163978883946,34.394622604406,31.4905890934927,1.41397655805762,0.0285714285714286,1.79035590822857,0.0285714285714286,1.63919118652899,0.0285714285714286
1540,"p16",0.047931151245136,0.142992124562188,0.242355505219889,0.193253421823398,2.98328166229262,0.2,5.05632556122847,0.0285714285714286,4.03189610103532,0.0285714285714286
1800,"p21",22.3964416314754,31.2028816708463,37.0548010496749,33.8443531441964,1.39320710781996,0.0285714285714286,1.65449501574389,0.0285714285714286,1.51114867714666,0.0285714285714286
1800,"p16",0.0560234235334306,0.167133652086373,0.26973885928501,0.216684025080333,2.98328166229684,0.2,4.81475144274341,0.0285714285714286,3.86773980263866,0.0285714285714286
2000,"p21",24.8058066926385,34.0814501068939,38.5647103370908,35.319379599121,1.37393032724907,0.0285714285714286,1.55466463215387,0.0285714285714286,1.42383515427469,0.0285714285714286
2000,"p16",0.0622482483704047,0.185704057873452,0.288841294973486,0.232963216567957,2.98328166229563,0.2,4.64015137028038,0.0285714285714286,3.74248629747334,0.0285714285714286
2250,"p21",27.7580043062324,37.3450346792471,39.9514584115273,36.8227912653681,1.34537894969856,0.0285714285714286,1.43927704494798,0.0285714285714286,1.32656479403674,0.0285714285714286
2250,"p16",0.0700292794166255,0.208917065107359,0.309466360328177,0.250378362029038,2.9832816622951,0.2,4.41909959528596,0.0285714285714286,3.5753382601506,0.0285714285714286
2500,"p21",30.5909045304604,40.1804269618235,40.9133540605256,38.0095135143702,1.31347626291385,0.0285714285714286,1.33743525039565,0.0285714285714286,1.24251028525563,0.0285714285714286
2500,"p16",0.0778103104628946,0.229812507279397,0.325398338422628,0.266329061019027,2.9534968555226,0.2,4.18194371011796,0.0285714285714286,3.42279910508815,0.0285714285714286
2750,"p21",33.2850695686772,42.6134245907226,41.5861454871361,38.9448627529266,1.28025643758377,0.0571428571428571,1.24939337745205,0.0285714285714286,1.17003999864178,0.0285714285714286
2750,"p16",0.0855913415091839,0.250472369301389,0.337028535150711,0.280831046001977,2.9263750852008,0.2,3.93764753780086,0.0285714285714286,3.28106840073122,0.0285714285714286
3000,"p21",35.7794285963446,44.6529573206777,42.0583185135367,39.6742199485284,1.24800644036109,0.0571428571428571,1.17548882594044,0.0285714285714286,1.10885560516139,0.0285714285714286
3000,"p16",0.0933723725555556,0.266327911601515,0.345359332165267,0.294023486755027,2.85232027753234,0.2,3.69873146320429,0.0285714285714286,3.14893451572183,0.0285714285714286
3250,"p21",38.0383364385355,46.3596042983927,42.3955581115688,40.2404529682881,1.21876003629399,0.114285714285714,1.11454816590294,0.114285714285714,1.05789203040756,0.2
3250,"p16",0.0999078108459479,0.279966328371649,0.351560630031366,0.306092352246086,2.80224665119869,0.2,3.51885029863634,0.0285714285714286,3.06374796579281,0.0285714285714286
3500,"p21",40.0268100219872,47.7928762804,42.6355082687249,40.6862417044099,1.19402161336731,0.114285714285714,1.06517377341099,0.342857142857143,1.01647474985042,0.685714285714286
3500,"p16",0.105539703411901,0.291885743180149,0.356433746048357,0.317176736211615,2.76564869659503,0.2,3.3772479410641,0.0285714285714286,3.00528356587982,0.0285714285714286
3647,"p21",41.0692687686108,48.5240461970026,42.7409488342273,40.9070314965157,1.18151716969671,0.114285714285714,1.04070391598728,0.685714285714286,0.996049667380026,1
3647,"p16",0.108631088084196,0.298068757009905,0.359020551635176,0.323227634357103,2.74386239028447,0.2,3.30495218235236,0.0285714285714286,2.97546162942398,0.0285714285714286
