"sample","time_point","value","n","metric"
"GSM8384860_D1_rep1","D1",28.5948693393451,1123,"p21"
"GSM8384861_D1_rep2","D1",27.806430678372,1598,"p21"
"GSM8384862_D1_rep3","D1",30.1327866593253,1172,"p21"
"GSM8384863_D1_rep4","D1",22.1218288587415,1169,"p21"
"GSM8384868_D28_rep1","D28",33.2770391939589,3910,"p21"
"GSM8384869_D28_rep2","D28",32.6793484389298,4504,"p21"
"GSM8384870_D28_rep3","D28",33.8120284756096,5636,"p21"
"GSM8384871_D28_rep4","D28",26.1939402654726,4919,"p21"
"GSM8384864_D7_rep1","D7",36.7062925085207,5347,"p21"
"GSM8384865_D7_rep2","D7",36.0631736627415,4643,"p21"
"GSM8384866_D7_rep3","D7",33.8642279256568,4751,"p21"
"GSM8384867_D7_rep4","D7",30.9447963207049,4728,"p21"
"GSM8384872_NoTBI_rep1","NoTBI",20.3802333866541,2640,"p21"
"GSM8384873_NoTBI_rep2","NoTBI",19.0441493113258,875,"p21"
"GSM8384874_NoTBI_rep3","NoTBI",18.2011956548325,3907,"p21"
"GSM8384875_NoTBI_rep4","NoTBI",19.2186344572249,1556,"p21"
"GSM8384860_D1_rep1","D1",0.0497217840176469,1123,"p16"
"GSM8384861_D1_rep2","D1",0.0601042420207898,1598,"p16"
"GSM8384862_D1_rep3","D1",0.303448063149577,1172,"p16"
"GSM8384863_D1_rep4","D1",0.15869440906074,1169,"p16"
"GSM8384868_D28_rep1","D28",0.199053904306106,3910,"p16"
"GSM8384869_D28_rep2","D28",0.171490277724459,4504,"p16"
"GSM8384870_D28_rep3","D28",0.167505767902486,5636,"p16"
"GSM8384871_D28_rep4","D28",0.234963737360541,4919,"p16"
"GSM8384864_D7_rep1","D7",0.18099220530547,5347,"p16"
"GSM8384865_D7_rep2","D7",0.359294137874072,4643,"p16"
"GSM8384866_D7_rep3","D7",0.202956402734302,4751,"p16"
"GSM8384867_D7_rep4","D7",0.226179274965711,4728,"p16"
"GSM8384872_NoTBI_rep1","NoTBI",0.0555912912591524,2640,"p16"
"GSM8384873_NoTBI_rep2","NoTBI",0,875,"p16"
"GSM8384874_NoTBI_rep3","NoTBI",0.0365000277753206,3907,"p16"
"GSM8384875_NoTBI_rep4","NoTBI",0.0996332859460709,1556,"p16"
