sample,time_point,p21,p16,n,celltype
GSM8523257_M_TBI_group1_1,group1,16.715650062609303,0.0,1195,Oligo
GSM8523258_M_TBI_group1_2,group1,12.364936342728763,0.0,1089,Oligo
GSM8523259_M_TBI_group1_3,group1,22.66065127293836,0.0,1098,Oligo
GSM8523260_M_TBI_group2_1,group2,0.29642285497407467,0.0,681,Oligo
GSM8523261_M_TBI_group2_2,group2,2.490499455135353,0.0,606,Oligo
GSM8523262_M_TBI_group2_3,group2,2.316532735895189,0.0,1147,Oligo
GSM8523263_M_TBI_group3_1,group3,2.1252359834994556,0.0,1456,Oligo
GSM8523264_M_TBI_group3_2,group3,0.5301561026723948,0.0,1232,Oligo
GSM8523265_M_TBI_group3_3,group3,1.5602787505160678,0.0,774,Oligo
GSM8523266_M_Ctrl_1,Ctrl,3.117678675957445,0.0,858,Oligo
GSM8523267_M_Ctrl_2,Ctrl,3.0418319885827785,0.1642412086688025,411,Oligo
GSM8523268_M_Ctrl_3,Ctrl,0.566513255237469,0.10423137239347463,2143,Oligo
GSM8523257_M_TBI_group1_1,group1,15.674790815019897,0.07096084824232143,678,Astrocyte
GSM8523258_M_TBI_group1_2,group1,5.531265125482372,0.0,536,Astrocyte
GSM8523259_M_TBI_group1_3,group1,11.057596782162742,0.0,501,Astrocyte
GSM8523260_M_TBI_group2_1,group2,0.25332773442940165,0.0,1166,Astrocyte
GSM8523261_M_TBI_group2_2,group2,2.158237142628103,0.0,949,Astrocyte
GSM8523262_M_TBI_group2_3,group2,0.8275035247376039,0.06941447948519032,1057,Astrocyte
GSM8523263_M_TBI_group3_1,group3,2.2646103598065226,0.0,973,Astrocyte
GSM8523264_M_TBI_group3_2,group3,0.8392317622406956,0.0,1252,Astrocyte
GSM8523265_M_TBI_group3_3,group3,1.1165120538958098,0.0,1710,Astrocyte
GSM8523266_M_Ctrl_1,Ctrl,0.8695269631080453,0.0,486,Astrocyte
GSM8523267_M_Ctrl_2,Ctrl,1.132315122107456,0.0,311,Astrocyte
GSM8523268_M_Ctrl_3,Ctrl,0.5083509608568644,0.0,1164,Astrocyte
GSM8523257_M_TBI_group1_1,group1,13.597557698018543,0.2513505402160781,374,Microglia
GSM8523258_M_TBI_group1_2,group1,3.7556053811651613,0.0,22,Microglia
GSM8523259_M_TBI_group1_3,group1,7.543664666791483,0.0,230,Microglia
GSM8523260_M_TBI_group2_1,group2,1.7024651520501088,0.46625219961337316,352,Microglia
GSM8523261_M_TBI_group2_2,group2,1.7985727628456767,0.0,435,Microglia
GSM8523262_M_TBI_group2_3,group2,1.3976734684927932,0.0,532,Microglia
GSM8523263_M_TBI_group3_1,group3,0.809644970417961,0.0,515,Microglia
GSM8523264_M_TBI_group3_2,group3,1.0943274684903583,0.0,556,Microglia
GSM8523265_M_TBI_group3_3,group3,1.8998194145543656,0.11507479861910241,869,Microglia
GSM8523266_M_Ctrl_1,Ctrl,0.7067137809187279,0.0,283,Microglia
GSM8523267_M_Ctrl_2,Ctrl,0.0,0.0,47,Microglia
GSM8523268_M_Ctrl_3,Ctrl,0.0,0.0,239,Microglia
GSM8523257_M_TBI_group1_1,group1,18.616163463983348,0.021072595090085345,9491,ExN
GSM8523258_M_TBI_group1_2,group1,3.031902607250915,0.015207536259557236,7653,ExN
GSM8523259_M_TBI_group1_3,group1,11.899004824158085,0.040169599816092375,7827,ExN
GSM8523260_M_TBI_group2_1,group2,2.2239597514911846,0.016934998159590448,10918,ExN
GSM8523261_M_TBI_group2_2,group2,10.497408608969552,0.0512098653174103,5052,ExN
GSM8523262_M_TBI_group2_3,group2,6.929293195925377,0.013904618347773883,7200,ExN
GSM8523263_M_TBI_group3_1,group3,3.051917356479863,0.06307299542372724,5180,ExN
GSM8523264_M_TBI_group3_2,group3,2.863658076894243,0.020719633828646673,8055,ExN
GSM8523265_M_TBI_group3_3,group3,2.389632873059966,0.025863408483679757,8573,ExN
GSM8523266_M_Ctrl_1,Ctrl,3.126830658005956,0.020263792500346673,6145,ExN
GSM8523267_M_Ctrl_2,Ctrl,1.7473045140762669,0.012010569300984866,8326,ExN
GSM8523268_M_Ctrl_3,Ctrl,1.7356780487068946,0.06705716812407655,15133,ExN
GSM8523257_M_TBI_group1_1,group1,10.42916940625792,0.08143322475570032,1228,InN
GSM8523258_M_TBI_group1_2,group1,0.6795875546804823,0.0365623455225043,1692,InN
GSM8523259_M_TBI_group1_3,group1,3.9791466340159145,0.0,963,InN
GSM8523260_M_TBI_group2_1,group2,1.4672617205354512,0.0,1503,InN
GSM8523261_M_TBI_group2_2,group2,2.5601896810491387,0.046841673502952874,1500,InN
GSM8523262_M_TBI_group2_3,group2,0.4547255934690682,0.0,1011,InN
GSM8523263_M_TBI_group3_1,group3,1.511149784889588,0.00939427801276194,3132,InN
GSM8523264_M_TBI_group3_2,group3,1.157315100714218,0.0,2826,InN
GSM8523265_M_TBI_group3_3,group3,1.7067840168433086,0.0,1526,InN
GSM8523266_M_Ctrl_1,Ctrl,0.2575332797852151,0.015034299793916583,2306,InN
GSM8523267_M_Ctrl_2,Ctrl,0.7999337799268574,0.0,2553,InN
GSM8523268_M_Ctrl_3,Ctrl,0.7291010331900293,0.0,4655,InN
GSM8523257_M_TBI_group1_1,group1,13.789458382711777,0.0,360,OPC
GSM8523258_M_TBI_group1_2,group1,4.50525111025464,0.0,181,OPC
GSM8523259_M_TBI_group1_3,group1,4.561890936887207,0.0,263,OPC
GSM8523260_M_TBI_group2_1,group2,0.2430189795050582,0.0,306,OPC
GSM8523261_M_TBI_group2_2,group2,2.9833759189543825,0.0,279,OPC
GSM8523262_M_TBI_group2_3,group2,1.8037287235325714,0.0,300,OPC
GSM8523263_M_TBI_group3_1,group3,0.6250913879341153,0.197286498002184,359,OPC
GSM8523264_M_TBI_group3_2,group3,0.6688963210702341,0.0,299,OPC
GSM8523265_M_TBI_group3_3,group3,0.7647192734418499,0.0,464,OPC
GSM8523266_M_Ctrl_1,Ctrl,1.5808410907309778,0.0,291,OPC
GSM8523267_M_Ctrl_2,Ctrl,1.6595063646115882,0.0,227,OPC
GSM8523268_M_Ctrl_3,Ctrl,1.0846281490416967,0.0,315,OPC
GSM8523257_M_TBI_group1_1,group1,6.287631463083202,0.0,27,Pericyte
GSM8523258_M_TBI_group1_2,group1,14.502500931308614,0.0,34,Pericyte
GSM8523259_M_TBI_group1_3,group1,16.424059741932787,0.0,33,Pericyte
GSM8523260_M_TBI_group2_1,group2,0.0,0.0,102,Pericyte
GSM8523261_M_TBI_group2_2,group2,4.7985982081488,0.0,115,Pericyte
GSM8523262_M_TBI_group2_3,group2,2.4374229387240556,0.0,123,Pericyte
GSM8523263_M_TBI_group3_1,group3,2.478178558839989,0.0,187,Pericyte
GSM8523264_M_TBI_group3_2,group3,1.1907213821140248,0.0,229,Pericyte
GSM8523265_M_TBI_group3_3,group3,0.7340188730921906,0.0,114,Pericyte
GSM8523266_M_Ctrl_1,Ctrl,1.8704506668835283,0.6999240028956611,53,Pericyte
GSM8523267_M_Ctrl_2,Ctrl,1.607065919856789,0.0,20,Pericyte
GSM8523268_M_Ctrl_3,Ctrl,9.822894545604806,0.0,58,Pericyte
GSM8523257_M_TBI_group1_1,group1,33.14603597725756,0.0,35,Ambiguous_Endothel_ExN
GSM8523258_M_TBI_group1_2,group1,13.367367155478728,0.0,75,Ambiguous_Endothel_ExN
GSM8523259_M_TBI_group1_3,group1,28.11207282251948,0.0,168,Ambiguous_Endothel_ExN
GSM8523260_M_TBI_group2_1,group2,4.854182220361578,0.47172153532936417,147,Ambiguous_Endothel_ExN
GSM8523261_M_TBI_group2_2,group2,11.939719887121235,0.4166666666666667,240,Ambiguous_Endothel_ExN
GSM8523262_M_TBI_group2_3,group2,4.93199098695708,0.0,231,Ambiguous_Endothel_ExN
GSM8523263_M_TBI_group3_1,group3,8.900314414021842,0.0,183,Ambiguous_Endothel_ExN
GSM8523264_M_TBI_group3_2,group3,4.829293803247199,0.0,331,Ambiguous_Endothel_ExN
GSM8523265_M_TBI_group3_3,group3,5.985998636434788,0.0,202,Ambiguous_Endothel_ExN
GSM8523266_M_Ctrl_1,Ctrl,9.475223950982222,0.0,110,Ambiguous_Endothel_ExN
GSM8523267_M_Ctrl_2,Ctrl,8.994965536438212,0.0,60,Ambiguous_Endothel_ExN
GSM8523268_M_Ctrl_3,Ctrl,6.9200354967853235,0.0,69,Ambiguous_Endothel_ExN
GSM8523257_M_TBI_group1_1,group1,9.046702604958579,0.0,51,Ambiguous_ChoroidPlx_Pericyte
GSM8523258_M_TBI_group1_2,group1,11.340819917367737,0.0,55,Ambiguous_ChoroidPlx_Pericyte
GSM8523259_M_TBI_group1_3,group1,6.116877891916898,0.0,60,Ambiguous_ChoroidPlx_Pericyte
GSM8523260_M_TBI_group2_1,group2,2.218523295805162,0.0,167,Ambiguous_ChoroidPlx_Pericyte
GSM8523261_M_TBI_group2_2,group2,3.0635954533353815,0.0,191,Ambiguous_ChoroidPlx_Pericyte
GSM8523262_M_TBI_group2_3,group2,1.6048063630245375,0.0,91,Ambiguous_ChoroidPlx_Pericyte
GSM8523263_M_TBI_group3_1,group3,3.7336038996596774,0.0,154,Ambiguous_ChoroidPlx_Pericyte
GSM8523264_M_TBI_group3_2,group3,2.9114676562626083,0.0,168,Ambiguous_ChoroidPlx_Pericyte
GSM8523265_M_TBI_group3_3,group3,1.9061488752048168,0.0,466,Ambiguous_ChoroidPlx_Pericyte
GSM8523266_M_Ctrl_1,Ctrl,4.7576778101598745,0.0,93,Ambiguous_ChoroidPlx_Pericyte
GSM8523267_M_Ctrl_2,Ctrl,4.787119027058368,0.0,59,Ambiguous_ChoroidPlx_Pericyte
GSM8523268_M_Ctrl_3,Ctrl,1.7543859649122806,0.0,171,Ambiguous_ChoroidPlx_Pericyte
