sample,cell_type,n,senmayo,pct_p21,pct_bax,pct_mcl1,group
RNASEQ01,Ambiguous_ChoroidPlx_Neutrophil,11,0.12230135071350533,0.0,0.09090909090909091,0.0,CCI_HS_M
RNASEQ01,Astrocyte,29,0.14045941300742631,0.13793103448275862,0.2413793103448276,0.27586206896551724,CCI_HS_M
RNASEQ01,ChoroidPlx,447,0.10118773234576284,0.026845637583892617,0.08053691275167785,0.06487695749440715,CCI_HS_M
RNASEQ01,Endothel,124,0.15411387535517995,0.3548387096774194,0.29838709677419356,0.29838709677419356,CCI_HS_M
RNASEQ01,Ependymal,14,0.10653668249310773,0.2857142857142857,0.07142857142857142,0.07142857142857142,CCI_HS_M
RNASEQ01,InN,50,0.06203828207481491,0.0,0.3,0.08,CCI_HS_M
RNASEQ01,LowConf_Microglia,183,0.2670255581900143,0.3333333333333333,0.37158469945355194,0.5792349726775956,CCI_HS_M
RNASEQ01,Macrophage,345,0.27568691402858114,0.6231884057971014,0.48695652173913045,0.881159420289855,CCI_HS_M
RNASEQ01,Microglia,895,0.24866136495718416,0.3139664804469274,0.23798882681564246,0.646927374301676,CCI_HS_M
RNASEQ01,Neutrophil,577,0.43464200772289074,0.5528596187175043,0.15251299826689774,0.9844020797227037,CCI_HS_M
RNASEQ01,Pericyte,31,0.1592098421751975,0.16129032258064516,0.2903225806451613,0.3225806451612903,CCI_HS_M
RNASEQ01,Proliferat,80,0.25437129381931634,0.4625,0.3,0.5,CCI_HS_M
RNASEQ01,Tcell,92,0.1078525638544328,0.11956521739130435,0.2826086956521739,0.6304347826086957,CCI_HS_M
RNASEQ03,Astrocyte,67,0.14585258115665817,0.13432835820895522,0.208955223880597,0.23880597014925373,CCI_ipsi_M
RNASEQ03,ChoroidPlx,633,0.0935960142558818,0.0631911532385466,0.11532385466034756,0.06003159557661927,CCI_ipsi_M
RNASEQ03,Endothel,140,0.1537138826437236,0.36428571428571427,0.20714285714285716,0.32142857142857145,CCI_ipsi_M
RNASEQ03,Ependymal,27,0.082394029885272,0.14814814814814814,0.1111111111111111,0.037037037037037035,CCI_ipsi_M
RNASEQ03,ExN,35,0.0914016695437117,0.22857142857142856,0.2571428571428571,0.2,CCI_ipsi_M
RNASEQ03,InN,113,0.07118949986454859,0.017699115044247787,0.4424778761061947,0.1592920353982301,CCI_ipsi_M
RNASEQ03,LowConf_Microglia,834,0.2749443248755026,0.4784172661870504,0.4724220623501199,0.5983213429256595,CCI_ipsi_M
RNASEQ03,Macrophage,1174,0.31203603190747703,0.7436115843270868,0.5698466780238501,0.8662691652470187,CCI_ipsi_M
RNASEQ03,Microglia,1168,0.21919121150271617,0.3587328767123288,0.3373287671232877,0.5154109589041096,CCI_ipsi_M
RNASEQ03,Neutrophil,830,0.4318927086886949,0.653012048192771,0.19879518072289157,0.983132530120482,CCI_ipsi_M
RNASEQ03,Oligo,25,0.09245931854697492,0.24,0.2,0.28,CCI_ipsi_M
RNASEQ03,Pericyte,65,0.17715643381346183,0.12307692307692308,0.3230769230769231,0.18461538461538463,CCI_ipsi_M
RNASEQ03,Proliferat,36,0.15092865728217808,0.25,0.3611111111111111,0.2222222222222222,CCI_ipsi_M
RNASEQ03,Tcell,285,0.1055371139537922,0.14385964912280702,0.3017543859649123,0.543859649122807,CCI_ipsi_M
RNASEQ04,Astrocyte,87,0.1057526275914928,0.011494252873563218,0.1839080459770115,0.14942528735632185,naive_M
RNASEQ04,ChoroidPlx,649,0.09107513549737702,0.03852080123266564,0.1325115562403698,0.07395993836671803,naive_M
RNASEQ04,Endothel,194,0.14213798548057804,0.07731958762886598,0.14432989690721648,0.3247422680412371,naive_M
RNASEQ04,Ependymal,13,0.10658120972019566,0.15384615384615385,0.23076923076923078,0.07692307692307693,naive_M
RNASEQ04,ExN,42,0.18986202074373107,0.0,0.2619047619047619,0.6190476190476191,naive_M
RNASEQ04,InN,24,0.057209109802816516,0.0,0.3333333333333333,0.125,naive_M
RNASEQ04,LowConf_Microglia,94,0.27671923406808036,0.40425531914893614,0.24468085106382978,0.8404255319148937,naive_M
RNASEQ04,Macrophage,28,0.1297948164367519,0.5714285714285714,0.32142857142857145,0.5714285714285714,naive_M
RNASEQ04,Microglia,2959,0.21652656662167974,0.15038864481243663,0.21493747887799933,0.6921257181480229,naive_M
RNASEQ04,Oligo,15,0.11024287220271795,0.0,0.06666666666666667,0.13333333333333333,naive_M
RNASEQ04,Pericyte,110,0.16433002025798848,0.10909090909090909,0.2727272727272727,0.2909090909090909,naive_M
RNASEQ04,Tcell,51,0.11351961254024368,0.0392156862745098,0.29411764705882354,0.37254901960784315,naive_M
RNASEQ06,Ambiguous_ChoroidPlx_Neutrophil,129,0.12077967483552975,0.13953488372093023,0.10077519379844961,0.06976744186046512,CCI_ipsi_M
RNASEQ06,Astrocyte,40,0.14706579256138222,0.1,0.375,0.3,CCI_ipsi_M
RNASEQ06,ChoroidPlx,750,0.1128365858900261,0.09733333333333333,0.108,0.07466666666666667,CCI_ipsi_M
RNASEQ06,Endothel,158,0.17863872521761184,0.23417721518987342,0.34810126582278483,0.35443037974683544,CCI_ipsi_M
RNASEQ06,Ependymal,23,0.1727133708734389,0.2608695652173913,0.21739130434782608,0.30434782608695654,CCI_ipsi_M
RNASEQ06,ExN,33,0.11445499022107941,0.18181818181818182,0.24242424242424243,0.30303030303030304,CCI_ipsi_M
RNASEQ06,InN,50,0.1133944313256756,0.1,0.42,0.26,CCI_ipsi_M
RNASEQ06,LowConf_Microglia,621,0.30802583778414416,0.4573268921095008,0.43478260869565216,0.644122383252818,CCI_ipsi_M
RNASEQ06,Macrophage,1782,0.3134407224203398,0.7278338945005611,0.5561167227833894,0.8647586980920314,CCI_ipsi_M
RNASEQ06,Microglia,1501,0.26801188029432915,0.3157894736842105,0.27648234510326447,0.6988674217188541,CCI_ipsi_M
RNASEQ06,Neutrophil,3284,0.4220262243784556,0.5840438489646772,0.20706455542021923,0.9725943970767357,CCI_ipsi_M
RNASEQ06,Oligo,42,0.11562849245725071,0.23809523809523808,0.35714285714285715,0.23809523809523808,CCI_ipsi_M
RNASEQ06,Pericyte,85,0.21046287291520605,0.15294117647058825,0.32941176470588235,0.32941176470588235,CCI_ipsi_M
RNASEQ06,Proliferat,175,0.3019664619342414,0.5142857142857142,0.3028571428571429,0.6171428571428571,CCI_ipsi_M
RNASEQ06,Tcell,201,0.13221156575264603,0.1791044776119403,0.24378109452736318,0.6069651741293532,CCI_ipsi_M
RNASEQ07,Ambiguous_ChoroidPlx_Neutrophil,11,0.11688989899603848,0.0,0.09090909090909091,0.09090909090909091,CCI_HS_M
RNASEQ07,Astrocyte,55,0.1553240981909661,0.4727272727272727,0.2909090909090909,0.34545454545454546,CCI_HS_M
RNASEQ07,ChoroidPlx,723,0.10886347511025728,0.051175656984785614,0.14522821576763487,0.0636237897648686,CCI_HS_M
RNASEQ07,Endothel,246,0.17004960383030912,0.573170731707317,0.27235772357723576,0.43089430894308944,CCI_HS_M
RNASEQ07,Ependymal,44,0.13944478978311062,0.3181818181818182,0.13636363636363635,0.06818181818181818,CCI_HS_M
RNASEQ07,ExN,11,0.09277155599489678,0.45454545454545453,0.18181818181818182,0.09090909090909091,CCI_HS_M
RNASEQ07,InN,36,0.07600773298806787,0.08333333333333333,0.3888888888888889,0.1111111111111111,CCI_HS_M
RNASEQ07,LowConf_Microglia,1669,0.3004531974380448,0.6057519472738166,0.49670461354104256,0.7201917315757939,CCI_HS_M
RNASEQ07,Macrophage,1322,0.3113796076038398,0.7965204236006052,0.5242057488653555,0.924357034795764,CCI_HS_M
RNASEQ07,Microglia,1816,0.23302574775630266,0.40473568281938327,0.34306167400881055,0.6266519823788547,CCI_HS_M
RNASEQ07,Neutrophil,1404,0.419484551812993,0.47293447293447294,0.019943019943019943,0.9836182336182336,CCI_HS_M
RNASEQ07,Oligo,82,0.08828603099913405,0.8780487804878049,0.25609756097560976,0.32926829268292684,CCI_HS_M
RNASEQ07,Pericyte,187,0.2209619296393821,0.31016042780748665,0.3422459893048128,0.3048128342245989,CCI_HS_M
RNASEQ07,Proliferat,10,0.12172474631876495,0.0,0.3,0.1,CCI_HS_M
RNASEQ07,Tcell,212,0.09858176679640943,0.14150943396226415,0.23113207547169812,0.5707547169811321,CCI_HS_M
RNASEQ08,Astrocyte,124,0.11060204528075394,0.06451612903225806,0.20161290322580644,0.12903225806451613,naive_M
RNASEQ08,ChoroidPlx,1222,0.09675971625737277,0.031096563011456628,0.12193126022913257,0.04746317512274959,naive_M
RNASEQ08,Endothel,409,0.16614176787573126,0.22493887530562348,0.23227383863080683,0.43031784841075793,naive_M
RNASEQ08,Ependymal,25,0.10645833592006987,0.08,0.16,0.12,naive_M
RNASEQ08,ExN,213,0.18428880282430196,0.107981220657277,0.16901408450704225,0.5727699530516432,naive_M
RNASEQ08,InN,16,0.07954080326292258,0.0,0.375,0.1875,naive_M
RNASEQ08,LowConf_Microglia,134,0.32094384071925386,0.5074626865671642,0.2835820895522388,0.7910447761194029,naive_M
RNASEQ08,Macrophage,56,0.20745884888538407,0.375,0.3392857142857143,0.6607142857142857,naive_M
RNASEQ08,Microglia,3656,0.22236041167116263,0.12609409190371992,0.20705689277899345,0.6780634573304157,naive_M
RNASEQ08,Neutrophil,10,0.22874557132841492,0.3,0.0,0.8,naive_M
RNASEQ08,Oligo,96,0.08951660755451452,0.07291666666666667,0.2604166666666667,0.17708333333333334,naive_M
RNASEQ08,Pericyte,191,0.17436720957341037,0.1518324607329843,0.3193717277486911,0.36649214659685864,naive_M
RNASEQ08,Proliferat,11,0.16020992070889492,0.18181818181818182,0.7272727272727273,0.09090909090909091,naive_M
RNASEQ08,Tcell,53,0.10807136832826149,0.1509433962264151,0.2641509433962264,0.39622641509433965,naive_M
RNASEQ09,Astrocyte,199,0.08305654974130791,0.11557788944723618,0.09547738693467336,0.05025125628140704,rCHI_M
RNASEQ09,ChoroidPlx,1164,0.08188042959485133,0.08762886597938144,0.09536082474226804,0.07903780068728522,rCHI_M
RNASEQ09,Endothel,238,0.13418301082459722,0.5042016806722689,0.1134453781512605,0.3025210084033613,rCHI_M
RNASEQ09,Ependymal,18,0.11205911802913297,0.4444444444444444,0.16666666666666666,0.16666666666666666,rCHI_M
RNASEQ09,ExN,188,0.18827963531343078,0.1276595744680851,0.15425531914893617,0.5,rCHI_M
RNASEQ09,InN,37,0.05823220007525702,0.02702702702702703,0.2702702702702703,0.13513513513513514,rCHI_M
RNASEQ09,LowConf_Microglia,12,0.32803859563007126,0.4166666666666667,0.08333333333333333,0.75,rCHI_M
RNASEQ09,Macrophage,33,0.17528730473708878,0.5151515151515151,0.06060606060606061,0.7878787878787878,rCHI_M
RNASEQ09,Microglia,4303,0.19059987322418154,0.18777597025331164,0.1089937253079247,0.5779688589356263,rCHI_M
RNASEQ09,Oligo,23,0.08683752618717033,0.5652173913043478,0.08695652173913043,0.13043478260869565,rCHI_M
RNASEQ09,Pericyte,154,0.1579901270484923,0.2987012987012987,0.14285714285714285,0.2857142857142857,rCHI_M
RNASEQ09,Proliferat,22,0.14152497827336863,0.2727272727272727,0.22727272727272727,0.2727272727272727,rCHI_M
RNASEQ09,Tcell,56,0.11024078282573443,0.08928571428571429,0.14285714285714285,0.21428571428571427,rCHI_M
RNASEQ10,Astrocyte,11,0.07461956339783649,0.0,0.2727272727272727,0.09090909090909091,naive_M
RNASEQ10,ChoroidPlx,1799,0.09279663306856549,0.03724291272929405,0.09949972206781545,0.05391884380211229,naive_M
RNASEQ10,Endothel,156,0.14175730301260353,0.20512820512820512,0.11538461538461539,0.3141025641025641,naive_M
RNASEQ10,ExN,74,0.18874796067558924,0.14864864864864866,0.14864864864864866,0.581081081081081,naive_M
RNASEQ10,InN,30,0.09006702067307135,0.03333333333333333,0.3,0.2,naive_M
RNASEQ10,LowConf_Microglia,90,0.2752126336252316,0.5,0.24444444444444444,0.7888888888888889,naive_M
RNASEQ10,Macrophage,37,0.15398932486002373,0.35135135135135137,0.2972972972972973,0.6216216216216216,naive_M
RNASEQ10,Microglia,4690,0.19918875253356982,0.1761194029850746,0.1980810234541578,0.6599147121535182,naive_M
RNASEQ10,Oligo,18,0.08424606200850443,0.0,0.1111111111111111,0.1111111111111111,naive_M
RNASEQ10,Pericyte,77,0.1598786001215831,0.16883116883116883,0.2077922077922078,0.3246753246753247,naive_M
RNASEQ10,Proliferat,10,0.19923602840957338,0.6,0.5,0.6,naive_M
RNASEQ10,Tcell,79,0.10579273116086384,0.0759493670886076,0.13924050632911392,0.25316455696202533,naive_M
RNASEQ11,Astrocyte,48,0.11578766396934725,0.041666666666666664,0.10416666666666667,0.125,rCHI_M
RNASEQ11,ChoroidPlx,2910,0.08831077502622188,0.04020618556701031,0.1268041237113402,0.06254295532646048,rCHI_M
RNASEQ11,Endothel,234,0.1558732291824981,0.2094017094017094,0.2094017094017094,0.36752136752136755,rCHI_M
RNASEQ11,Ependymal,10,0.09227531228329826,0.2,0.0,0.1,rCHI_M
RNASEQ11,ExN,40,0.19457485904771588,0.05,0.2,0.65,rCHI_M
RNASEQ11,InN,37,0.07178935329847203,0.02702702702702703,0.2702702702702703,0.32432432432432434,rCHI_M
RNASEQ11,LowConf_Microglia,13,0.32144800106043614,0.38461538461538464,0.38461538461538464,0.6153846153846154,rCHI_M
RNASEQ11,Macrophage,52,0.17982053755018718,0.5192307692307693,0.28846153846153844,0.7692307692307693,rCHI_M
RNASEQ11,Microglia,6319,0.21571657113205103,0.19385978794112993,0.21364139895553094,0.7442633328058237,rCHI_M
RNASEQ11,Oligo,35,0.08680793801541233,0.02857142857142857,0.22857142857142856,0.11428571428571428,rCHI_M
RNASEQ11,Pericyte,114,0.17824549328026587,0.09649122807017543,0.2631578947368421,0.40350877192982454,rCHI_M
RNASEQ11,Proliferat,25,0.19144789244343727,0.44,0.48,0.36,rCHI_M
RNASEQ11,Tcell,50,0.11950479237115764,0.16,0.2,0.28,rCHI_M
RNASEQ12,Astrocyte,75,0.0815562188155446,0.02666666666666667,0.18666666666666668,0.04,rCHI_M
RNASEQ12,ChoroidPlx,2977,0.0846073264628082,0.0329190460194827,0.11723211286530064,0.05979173664763184,rCHI_M
RNASEQ12,Endothel,320,0.15331238031801248,0.25,0.21875,0.396875,rCHI_M
RNASEQ12,Ependymal,11,0.05859901900834492,0.0,0.18181818181818182,0.0,rCHI_M
RNASEQ12,ExN,50,0.15953911790138042,0.02,0.16,0.36,rCHI_M
RNASEQ12,InN,39,0.08564595239395385,0.10256410256410256,0.2564102564102564,0.20512820512820512,rCHI_M
RNASEQ12,LowConf_Microglia,11,0.3183577681659525,0.45454545454545453,0.36363636363636365,0.5454545454545454,rCHI_M
RNASEQ12,Macrophage,55,0.1701003704222759,0.5272727272727272,0.2909090909090909,0.7090909090909091,rCHI_M
RNASEQ12,Microglia,5723,0.2007723197125078,0.1217892713611742,0.186265944434737,0.6648610868425651,rCHI_M
RNASEQ12,Neutrophil,10,0.1885631638756206,0.0,0.0,0.9,rCHI_M
RNASEQ12,Oligo,19,0.09573717272615567,0.0,0.2631578947368421,0.3157894736842105,rCHI_M
RNASEQ12,Pericyte,168,0.16673275154189515,0.17261904761904762,0.2857142857142857,0.35714285714285715,rCHI_M
RNASEQ12,Proliferat,27,0.19484477158395375,0.5925925925925926,0.2962962962962963,0.37037037037037035,rCHI_M
RNASEQ12,Tcell,79,0.11931045343515997,0.11392405063291139,0.1518987341772152,0.35443037974683544,rCHI_M
RNASEQ13,Astrocyte,41,0.12250307991541794,0.14634146341463414,0.21951219512195122,0.14634146341463414,CCI_HS_M
RNASEQ13,ChoroidPlx,1004,0.09223213711944586,0.05776892430278884,0.10557768924302789,0.07768924302788845,CCI_HS_M
RNASEQ13,Endothel,212,0.16772993134373523,0.3632075471698113,0.21226415094339623,0.36792452830188677,CCI_HS_M
RNASEQ13,Ependymal,16,0.14505088421796558,0.1875,0.1875,0.1875,CCI_HS_M
RNASEQ13,InN,49,0.08140577397117066,0.0,0.32653061224489793,0.3877551020408163,CCI_HS_M
RNASEQ13,LowConf_Microglia,486,0.28518771599518605,0.4588477366255144,0.3683127572016461,0.6666666666666666,CCI_HS_M
RNASEQ13,Macrophage,857,0.27323740752651254,0.617269544924154,0.5157526254375729,0.8284714119019837,CCI_HS_M
RNASEQ13,Microglia,2354,0.2444055701475516,0.2697536108751062,0.23194562446898895,0.7476635514018691,CCI_HS_M
RNASEQ13,Neutrophil,2520,0.3887061507689819,0.3892857142857143,0.09484126984126984,0.9630952380952381,CCI_HS_M
RNASEQ13,Oligo,37,0.0945964613077067,0.43243243243243246,0.2702702702702703,0.24324324324324326,CCI_HS_M
RNASEQ13,Pericyte,144,0.1822964735124711,0.2986111111111111,0.2986111111111111,0.4166666666666667,CCI_HS_M
RNASEQ13,Proliferat,83,0.2725991990483038,0.46987951807228917,0.3493975903614458,0.6626506024096386,CCI_HS_M
RNASEQ13,Tcell,93,0.12613961783608735,0.25806451612903225,0.3118279569892473,0.5053763440860215,CCI_HS_M
RNASEQ15,Ambiguous_ChoroidPlx_Neutrophil,178,0.10215100411862993,0.08426966292134831,0.06741573033707865,0.0898876404494382,CCI_ipsi_M
RNASEQ15,Astrocyte,37,0.1265987089213772,0.32432432432432434,0.1891891891891892,0.32432432432432434,CCI_ipsi_M
RNASEQ15,ChoroidPlx,598,0.09311124846896116,0.061872909698996656,0.1254180602006689,0.07190635451505016,CCI_ipsi_M
RNASEQ15,Endothel,187,0.18493618611125187,0.5026737967914439,0.2727272727272727,0.47058823529411764,CCI_ipsi_M
RNASEQ15,Ependymal,13,0.15648332397548703,0.3076923076923077,0.23076923076923078,0.23076923076923078,CCI_ipsi_M
RNASEQ15,ExN,11,0.1935037615566143,0.18181818181818182,0.45454545454545453,0.7272727272727273,CCI_ipsi_M
RNASEQ15,InN,29,0.10168617759944162,0.06896551724137931,0.3448275862068966,0.27586206896551724,CCI_ipsi_M
RNASEQ15,LowConf_Microglia,1022,0.28582793333222783,0.6389432485322897,0.45303326810176126,0.7240704500978473,CCI_ipsi_M
RNASEQ15,Macrophage,2271,0.30996352132483757,0.8071334214002642,0.5468956406869221,0.9053280493174812,CCI_ipsi_M
RNASEQ15,Microglia,2060,0.2528863110221252,0.4684466019417476,0.29563106796116506,0.7169902912621359,CCI_ipsi_M
RNASEQ15,Neutrophil,2371,0.37766275987891484,0.5921552087726698,0.12231126107127795,0.9671024884015184,CCI_ipsi_M
RNASEQ15,Oligo,56,0.10160855504504439,0.5,0.4642857142857143,0.4107142857142857,CCI_ipsi_M
RNASEQ15,Pericyte,84,0.23703555936387166,0.4523809523809524,0.34523809523809523,0.5595238095238095,CCI_ipsi_M
RNASEQ15,Proliferat,40,0.24456364526773933,0.575,0.425,0.625,CCI_ipsi_M
RNASEQ15,Tcell,327,0.09641977792573332,0.16819571865443425,0.22018348623853212,0.4740061162079511,CCI_ipsi_M
RNASEQ16,Astrocyte,111,0.0742000170714273,0.036036036036036036,0.09009009009009009,0.05405405405405406,naive_M
RNASEQ16,ChoroidPlx,3305,0.08232614976917302,0.04508320726172466,0.10620272314674735,0.07624810892586989,naive_M
RNASEQ16,Endothel,244,0.15045199625463923,0.25,0.13524590163934427,0.27459016393442626,naive_M
RNASEQ16,ExN,77,0.1803448256976625,0.0,0.11688311688311688,0.4805194805194805,naive_M
RNASEQ16,InN,24,0.06985439184452626,0.0,0.2916666666666667,0.20833333333333334,naive_M
RNASEQ16,LowConf_Microglia,32,0.2636550851499886,0.3125,0.25,0.59375,naive_M
RNASEQ16,Macrophage,38,0.14506635835635517,0.34210526315789475,0.13157894736842105,0.631578947368421,naive_M
RNASEQ16,Microglia,2964,0.18924219545844218,0.07894736842105263,0.1612685560053981,0.5745614035087719,naive_M
RNASEQ16,Neutrophil,11,0.25946018907966306,0.2727272727272727,0.09090909090909091,0.7272727272727273,naive_M
RNASEQ16,Oligo,23,0.08693332214195963,0.0,0.21739130434782608,0.08695652173913043,naive_M
RNASEQ16,Pericyte,120,0.15004721771861737,0.125,0.13333333333333333,0.21666666666666667,naive_M
RNASEQ16,Tcell,113,0.10101118862103786,0.07964601769911504,0.25663716814159293,0.21238938053097345,naive_M
RNASEQ17L,Ambiguous_ChoroidPlx_Neutrophil,77,0.1497237630835979,0.19480519480519481,0.11688311688311688,0.2727272727272727,CCI_ipsi_M
RNASEQ17L,Astrocyte,76,0.14407882173531297,0.17105263157894737,0.17105263157894737,0.32894736842105265,CCI_ipsi_M
RNASEQ17L,ChoroidPlx,2373,0.08349954933502408,0.013063632532659082,0.0695322376738306,0.05099030762747577,CCI_ipsi_M
RNASEQ17L,Endothel,681,0.16833103148083153,0.28928046989721,0.22173274596182085,0.3964757709251101,CCI_ipsi_M
RNASEQ17L,Ependymal,87,0.15064797696641716,0.1839080459770115,0.16091954022988506,0.28735632183908044,CCI_ipsi_M
RNASEQ17L,ExN,18,0.10454647936794517,0.1111111111111111,0.2222222222222222,0.16666666666666666,CCI_ipsi_M
RNASEQ17L,InN,29,0.13744983162773772,0.10344827586206896,0.4482758620689655,0.3793103448275862,CCI_ipsi_M
RNASEQ17L,LowConf_Microglia,953,0.29807506508642073,0.4837355718782791,0.4218258132214061,0.6610703043022036,CCI_ipsi_M
RNASEQ17L,Macrophage,5137,0.3104608956563284,0.7043021218610084,0.5734864707027448,0.8540003893322952,CCI_ipsi_M
RNASEQ17L,Microglia,1928,0.24929339112978174,0.3096473029045643,0.25778008298755184,0.6011410788381742,CCI_ipsi_M
RNASEQ17L,Neutrophil,4291,0.4183085608815222,0.5847121883010953,0.17921230482405034,0.9592169657422512,CCI_ipsi_M
RNASEQ17L,Oligo,40,0.11824080906893117,0.5,0.425,0.35,CCI_ipsi_M
RNASEQ17L,Pericyte,351,0.18924889245121876,0.20512820512820512,0.2678062678062678,0.3732193732193732,CCI_ipsi_M
RNASEQ17L,Proliferat,495,0.29043508871469037,0.5636363636363636,0.2909090909090909,0.6646464646464646,CCI_ipsi_M
RNASEQ17L,Tcell,464,0.1272972229721291,0.22629310344827586,0.27155172413793105,0.5689655172413793,CCI_ipsi_M
RNASEQ17R,Ambiguous_ChoroidPlx_Neutrophil,25,0.10519548793902453,0.04,0.08,0.0,CCI_contra_M
RNASEQ17R,Astrocyte,74,0.11642677934759021,0.0945945945945946,0.22972972972972974,0.21621621621621623,CCI_contra_M
RNASEQ17R,ChoroidPlx,1573,0.10105921347647742,0.018436109345200253,0.11379529561347743,0.05467260012714558,CCI_contra_M
RNASEQ17R,Endothel,535,0.17605749091985035,0.2691588785046729,0.21869158878504674,0.4205607476635514,CCI_contra_M
RNASEQ17R,Ependymal,44,0.12481458829695646,0.18181818181818182,0.18181818181818182,0.022727272727272728,CCI_contra_M
RNASEQ17R,ExN,31,0.20737091721839276,0.06451612903225806,0.2903225806451613,0.6451612903225806,CCI_contra_M
RNASEQ17R,InN,52,0.12299428236249393,0.038461538461538464,0.3076923076923077,0.36538461538461536,CCI_contra_M
RNASEQ17R,LowConf_Microglia,110,0.32772170176739296,0.5818181818181818,0.4909090909090909,0.7181818181818181,CCI_contra_M
RNASEQ17R,Macrophage,404,0.25096277000530876,0.6732673267326733,0.5222772277227723,0.8094059405940595,CCI_contra_M
RNASEQ17R,Microglia,7351,0.24740006134140044,0.26608624676914705,0.22867637056182832,0.7626173309753775,CCI_contra_M
RNASEQ17R,Neutrophil,294,0.38175457794487966,0.48299319727891155,0.11564625850340136,0.9319727891156463,CCI_contra_M
RNASEQ17R,Oligo,63,0.09838186716297745,0.06349206349206349,0.2222222222222222,0.23809523809523808,CCI_contra_M
RNASEQ17R,Pericyte,254,0.18346140074555092,0.20866141732283464,0.17716535433070865,0.32677165354330706,CCI_contra_M
RNASEQ17R,Proliferat,443,0.2722795689399666,0.6320541760722348,0.23476297968397292,0.7155756207674944,CCI_contra_M
RNASEQ17R,Tcell,88,0.12315903484838273,0.14772727272727273,0.3068181818181818,0.45454545454545453,CCI_contra_M
RNASEQ18L,Ambiguous_ChoroidPlx_Neutrophil,332,0.098183240108184,0.018072289156626505,0.09036144578313253,0.05120481927710843,CCI_ipsi_M
RNASEQ18L,Astrocyte,75,0.17667986889282933,0.26666666666666666,0.22666666666666666,0.41333333333333333,CCI_ipsi_M
RNASEQ18L,ChoroidPlx,2078,0.09403207004196437,0.02213666987487969,0.09961501443695861,0.07025986525505294,CCI_ipsi_M
RNASEQ18L,Endothel,707,0.18400782497684215,0.27015558698727016,0.26025459688826025,0.42998585572843,CCI_ipsi_M
RNASEQ18L,Ependymal,167,0.15859298775842903,0.19161676646706588,0.2275449101796407,0.33532934131736525,CCI_ipsi_M
RNASEQ18L,ExN,24,0.18102783150525628,0.16666666666666666,0.20833333333333334,0.375,CCI_ipsi_M
RNASEQ18L,InN,27,0.11414073785339783,0.07407407407407407,0.3333333333333333,0.2962962962962963,CCI_ipsi_M
RNASEQ18L,LowConf_Microglia,1281,0.3208757294984391,0.5683060109289617,0.4340359094457455,0.7548790007806401,CCI_ipsi_M
RNASEQ18L,Macrophage,7582,0.310420726117872,0.7455816407280401,0.591268794513321,0.8351358480611976,CCI_ipsi_M
RNASEQ18L,Microglia,3391,0.28930331684161686,0.4051902093777647,0.3005013270421705,0.7685048658212916,CCI_ipsi_M
RNASEQ18L,Neutrophil,2400,0.3909063647270055,0.43291666666666667,0.1675,0.94875,CCI_ipsi_M
RNASEQ18L,Oligo,45,0.15945633853282978,0.28888888888888886,0.5555555555555556,0.5555555555555556,CCI_ipsi_M
RNASEQ18L,Pericyte,415,0.2012826263306756,0.25542168674698795,0.29397590361445786,0.4433734939759036,CCI_ipsi_M
RNASEQ18L,Proliferat,664,0.30612174765480527,0.608433734939759,0.3042168674698795,0.7319277108433735,CCI_ipsi_M
RNASEQ18L,Tcell,584,0.13766110506902818,0.2243150684931507,0.2773972602739726,0.5188356164383562,CCI_ipsi_M
RNASEQ18R,Astrocyte,111,0.09905854144732197,0.05405405405405406,0.26126126126126126,0.09009009009009009,CCI_contra_M
RNASEQ18R,ChoroidPlx,1364,0.0927950663690209,0.02126099706744868,0.11730205278592376,0.04472140762463343,CCI_contra_M
RNASEQ18R,Endothel,866,0.15208058788571863,0.2090069284064665,0.20554272517321015,0.3625866050808314,CCI_contra_M
RNASEQ18R,ExN,18,0.21072092589753538,0.05555555555555555,0.16666666666666666,0.7777777777777778,CCI_contra_M
RNASEQ18R,InN,13,0.09108735328575422,0.0,0.38461538461538464,0.23076923076923078,CCI_contra_M
RNASEQ18R,LowConf_Microglia,64,0.27856098030380555,0.53125,0.46875,0.53125,CCI_contra_M
RNASEQ18R,Macrophage,114,0.2352290893012852,0.6578947368421053,0.41228070175438597,0.8070175438596491,CCI_contra_M
RNASEQ18R,Microglia,4527,0.23827258462199433,0.20189971283410646,0.24121935056328694,0.7039982328252706,CCI_contra_M
RNASEQ18R,Neutrophil,58,0.4014350257236241,0.3103448275862069,0.22413793103448276,0.9827586206896551,CCI_contra_M
RNASEQ18R,Pericyte,414,0.15908070838539837,0.16183574879227053,0.24396135265700483,0.3164251207729469,CCI_contra_M
RNASEQ18R,Proliferat,69,0.2555925843502022,0.7391304347826086,0.34782608695652173,0.6666666666666666,CCI_contra_M
RNASEQ18R,Tcell,62,0.13063745047820638,0.12903225806451613,0.3870967741935484,0.3548387096774194,CCI_contra_M
RNASEQ19L,Ambiguous_ChoroidPlx_Neutrophil,586,0.10802748454002453,0.017064846416382253,0.059726962457337884,0.04436860068259386,CCI_ipsi_M
RNASEQ19L,Astrocyte,38,0.17846613625385097,0.3157894736842105,0.3684210526315789,0.34210526315789475,CCI_ipsi_M
RNASEQ19L,ChoroidPlx,1822,0.11041519026801837,0.015367727771679473,0.10098792535675083,0.08287596048298573,CCI_ipsi_M
RNASEQ19L,Endothel,244,0.17904416807928694,0.319672131147541,0.2540983606557377,0.42213114754098363,CCI_ipsi_M
RNASEQ19L,Ependymal,72,0.19119467313852245,0.3194444444444444,0.16666666666666666,0.3333333333333333,CCI_ipsi_M
RNASEQ19L,InN,124,0.09641961220892561,0.08870967741935484,0.31451612903225806,0.21774193548387097,CCI_ipsi_M
RNASEQ19L,LowConf_Microglia,1124,0.32732817861347,0.6236654804270463,0.46174377224199287,0.7758007117437722,CCI_ipsi_M
RNASEQ19L,Macrophage,3887,0.3160399130021421,0.7224080267558528,0.567532801646514,0.8430666323642912,CCI_ipsi_M
RNASEQ19L,Microglia,1793,0.29143142094955876,0.44617958728388174,0.2822085889570552,0.7334076965978806,CCI_ipsi_M
RNASEQ19L,Neutrophil,1404,0.3798886461551419,0.48005698005698005,0.13247863247863248,0.8839031339031339,CCI_ipsi_M
RNASEQ19L,Oligo,35,0.1333115471251805,0.37142857142857144,0.34285714285714286,0.2,CCI_ipsi_M
RNASEQ19L,Pericyte,282,0.21921322696892892,0.3262411347517731,0.2730496453900709,0.44680851063829785,CCI_ipsi_M
RNASEQ19L,Proliferat,186,0.2992125406837228,0.6451612903225806,0.3279569892473118,0.6666666666666666,CCI_ipsi_M
RNASEQ19L,Tcell,398,0.12236076428035789,0.17839195979899497,0.17587939698492464,0.32160804020100503,CCI_ipsi_M
RNASEQ19R,Astrocyte,99,0.10143943961643989,0.09090909090909091,0.21212121212121213,0.12121212121212122,CCI_contra_M
RNASEQ19R,ChoroidPlx,1497,0.09044172854927436,0.041416165664662656,0.11957247828991316,0.05143620574482298,CCI_contra_M
RNASEQ19R,Endothel,448,0.161899807617937,0.27455357142857145,0.13169642857142858,0.36607142857142855,CCI_contra_M
RNASEQ19R,Ependymal,87,0.11686223569102688,0.10344827586206896,0.06896551724137931,0.13793103448275862,CCI_contra_M
RNASEQ19R,ExN,14,0.20656115940618,0.07142857142857142,0.14285714285714285,0.7142857142857143,CCI_contra_M
RNASEQ19R,InN,50,0.07590574726415154,0.02,0.22,0.38,CCI_contra_M
RNASEQ19R,LowConf_Microglia,99,0.28408950972942615,0.3939393939393939,0.5151515151515151,0.6767676767676768,CCI_contra_M
RNASEQ19R,Macrophage,505,0.27978772850844413,0.6594059405940594,0.49504950495049505,0.8693069306930693,CCI_contra_M
RNASEQ19R,Microglia,3313,0.24163273170839367,0.2626018714156354,0.22698460609719287,0.7346815575007546,CCI_contra_M
RNASEQ19R,Neutrophil,141,0.4005763697515614,0.49645390070921985,0.06382978723404255,0.9858156028368794,CCI_contra_M
RNASEQ19R,Oligo,14,0.08339397164104134,0.14285714285714285,0.21428571428571427,0.2857142857142857,CCI_contra_M
RNASEQ19R,Pericyte,222,0.16114921940407667,0.21171171171171171,0.14864864864864866,0.35135135135135137,CCI_contra_M
RNASEQ19R,Proliferat,96,0.2259839557275575,0.4479166666666667,0.2604166666666667,0.5416666666666666,CCI_contra_M
RNASEQ19R,Tcell,122,0.12140602215682736,0.14754098360655737,0.28688524590163933,0.48360655737704916,CCI_contra_M
RNASEQ20L,Astrocyte,64,0.10627943656772125,0.125,0.09375,0.09375,CCI_F
RNASEQ20L,ChoroidPlx,1416,0.08934417829734324,0.021892655367231638,0.10310734463276836,0.054378531073446326,CCI_F
RNASEQ20L,Endothel,285,0.15756679790602265,0.256140350877193,0.22807017543859648,0.3017543859649123,CCI_F
RNASEQ20L,Ependymal,98,0.15226968755006984,0.15306122448979592,0.1836734693877551,0.3673469387755102,CCI_F
RNASEQ20L,InN,112,0.07721381475162874,0.017857142857142856,0.20535714285714285,0.20535714285714285,CCI_F
RNASEQ20L,LowConf_Microglia,846,0.3157178481690149,0.5106382978723404,0.38416075650118203,0.7174940898345153,CCI_F
RNASEQ20L,Macrophage,2380,0.31207887387806643,0.6861344537815126,0.507563025210084,0.8105042016806723,CCI_F
RNASEQ20L,Microglia,1278,0.2740369984578374,0.3568075117370892,0.26134585289514867,0.6158059467918623,CCI_F
RNASEQ20L,Neutrophil,1617,0.40740348549031874,0.4397031539888683,0.1150278293135436,0.9369202226345084,CCI_F
RNASEQ20L,Oligo,44,0.10482138629810338,0.11363636363636363,0.3181818181818182,0.25,CCI_F
RNASEQ20L,Pericyte,167,0.19164582987564846,0.16167664670658682,0.30538922155688625,0.32934131736526945,CCI_F
RNASEQ20L,Proliferat,261,0.29141147310620846,0.5823754789272031,0.21455938697318008,0.6130268199233716,CCI_F
RNASEQ20L,Tcell,318,0.0887491127817724,0.09748427672955975,0.1918238993710692,0.3710691823899371,CCI_F
RNASEQ21L,Ambiguous_ChoroidPlx_Neutrophil,47,0.10540165172675842,0.0,0.0,0.02127659574468085,CCI_F
RNASEQ21L,Astrocyte,12,0.11410605412037529,0.3333333333333333,0.3333333333333333,0.16666666666666666,CCI_F
RNASEQ21L,ChoroidPlx,1073,0.08842768067178815,0.0130475302889096,0.08946877912395154,0.0521901211556384,CCI_F
RNASEQ21L,Endothel,129,0.16320602446269042,0.4186046511627907,0.34108527131782945,0.3023255813953488,CCI_F
RNASEQ21L,Ependymal,76,0.17058550410894513,0.18421052631578946,0.25,0.32894736842105265,CCI_F
RNASEQ21L,InN,64,0.0608772455579773,0.046875,0.234375,0.125,CCI_F
RNASEQ21L,LowConf_Microglia,698,0.29813166745230085,0.5429799426934098,0.37965616045845274,0.6275071633237822,CCI_F
RNASEQ21L,Macrophage,2479,0.31772626109942936,0.6873739411052844,0.527632109721662,0.8019362646228317,CCI_F
RNASEQ21L,Microglia,1210,0.26399511340853404,0.48016528925619834,0.2545454545454545,0.6454545454545455,CCI_F
RNASEQ21L,Neutrophil,1050,0.3902993172735529,0.4038095238095238,0.06476190476190476,0.878095238095238,CCI_F
RNASEQ21L,Oligo,39,0.09840023247433198,0.46153846153846156,0.358974358974359,0.358974358974359,CCI_F
RNASEQ21L,Pericyte,80,0.18546009931276045,0.325,0.3375,0.3125,CCI_F
RNASEQ21L,Proliferat,117,0.269467652090897,0.5982905982905983,0.18803418803418803,0.5897435897435898,CCI_F
RNASEQ21L,Tcell,213,0.0967453932322005,0.23943661971830985,0.19248826291079812,0.323943661971831,CCI_F
RNASEQ22L,Ambiguous_ChoroidPlx_Neutrophil,11,0.2679865032267258,0.09090909090909091,0.09090909090909091,0.8181818181818182,CCI_F
RNASEQ22L,Astrocyte,16,0.12423863281588991,0.25,0.0625,0.25,CCI_F
RNASEQ22L,ChoroidPlx,2241,0.09319835922629216,0.022757697456492636,0.09192324854975457,0.0825524319500223,CCI_F
RNASEQ22L,Endothel,514,0.1593988621198415,0.31906614785992216,0.1926070038910506,0.3949416342412451,CCI_F
RNASEQ22L,Ependymal,68,0.12147324199248939,0.10294117647058823,0.1323529411764706,0.16176470588235295,CCI_F
RNASEQ22L,InN,77,0.08457443337051475,0.03896103896103896,0.37662337662337664,0.22077922077922077,CCI_F
RNASEQ22L,LowConf_Microglia,663,0.28248142729076087,0.5052790346907994,0.3514328808446455,0.6063348416289592,CCI_F
RNASEQ22L,Macrophage,1407,0.35706510400556085,0.7484008528784648,0.4427860696517413,0.8919687277896233,CCI_F
RNASEQ22L,Microglia,1995,0.20859310453136945,0.23909774436090225,0.17293233082706766,0.5092731829573934,CCI_F
RNASEQ22L,Neutrophil,4236,0.4309174208949335,0.5854579792256847,0.2334749763928234,0.974268177525968,CCI_F
RNASEQ22L,Oligo,22,0.09808349159864362,0.3181818181818182,0.18181818181818182,0.2727272727272727,CCI_F
RNASEQ22L,Pericyte,225,0.16980460331104802,0.2088888888888889,0.18666666666666668,0.3288888888888889,CCI_F
RNASEQ22L,Proliferat,157,0.25319605435030873,0.4713375796178344,0.29936305732484075,0.535031847133758,CCI_F
RNASEQ22L,Tcell,284,0.10239668563641333,0.16901408450704225,0.23591549295774647,0.5774647887323944,CCI_F
RNASEQ23,Astrocyte,33,0.09601747737495442,0.0,0.030303030303030304,0.2727272727272727,naive_M
RNASEQ23,ChoroidPlx,1248,0.08823222725197799,0.046474358974358976,0.1282051282051282,0.07131410256410256,naive_M
RNASEQ23,Endothel,128,0.16530791080531107,0.2734375,0.1953125,0.34375,naive_M
RNASEQ23,Ependymal,25,0.12286027590544805,0.16,0.12,0.12,naive_M
RNASEQ23,ExN,31,0.21566098766969083,0.22580645161290322,0.06451612903225806,0.5161290322580645,naive_M
RNASEQ23,InN,34,0.07958572044820615,0.058823529411764705,0.14705882352941177,0.17647058823529413,naive_M
RNASEQ23,LowConf_Microglia,158,0.30299303628115254,0.33544303797468356,0.1962025316455696,0.8354430379746836,naive_M
RNASEQ23,Macrophage,22,0.17844702015795777,0.4090909090909091,0.13636363636363635,0.7727272727272727,naive_M
RNASEQ23,Microglia,4933,0.21906885059007164,0.1589296574092844,0.16561929860125685,0.7516724102979931,naive_M
RNASEQ23,Oligo,50,0.09038313028802147,0.0,0.22,0.16,naive_M
RNASEQ23,Pericyte,67,0.150224185492287,0.23880597014925373,0.16417910447761194,0.34328358208955223,naive_M
RNASEQ23,Proliferat,18,0.14266674039258465,0.3333333333333333,0.3888888888888889,0.3333333333333333,naive_M
RNASEQ23,Tcell,31,0.1189825250600152,0.06451612903225806,0.16129032258064516,0.22580645161290322,naive_M
RNASEQ24,Astrocyte,110,0.10465670677465905,0.00909090909090909,0.16363636363636364,0.21818181818181817,naive_M
RNASEQ24,ChoroidPlx,1822,0.09216525490344434,0.05104281009879254,0.1207464324917673,0.09330406147091108,naive_M
RNASEQ24,Endothel,314,0.1637590870948645,0.31528662420382164,0.15605095541401273,0.42038216560509556,naive_M
RNASEQ24,Ependymal,85,0.1167450577919692,0.2235294117647059,0.18823529411764706,0.08235294117647059,naive_M
RNASEQ24,ExN,37,0.22391380316245885,0.16216216216216217,0.2972972972972973,0.7567567567567568,naive_M
RNASEQ24,InN,67,0.0777773772948096,0.0,0.29850746268656714,0.19402985074626866,naive_M
RNASEQ24,LowConf_Microglia,166,0.2999756086114841,0.39156626506024095,0.24096385542168675,0.8433734939759037,naive_M
RNASEQ24,Macrophage,27,0.16511688042340486,0.2962962962962963,0.2222222222222222,0.7037037037037037,naive_M
RNASEQ24,Microglia,6213,0.2210033326062679,0.14904233059713504,0.17849670046676325,0.738129727989699,naive_M
RNASEQ24,Oligo,33,0.10680069790095795,0.0,0.24242424242424243,0.24242424242424243,naive_M
RNASEQ24,Pericyte,176,0.17317322191035345,0.20454545454545456,0.19318181818181818,0.38636363636363635,naive_M
RNASEQ24,Proliferat,19,0.13815053265284602,0.2631578947368421,0.3157894736842105,0.2631578947368421,naive_M
RNASEQ24,Tcell,78,0.12427724591053554,0.0641025641025641,0.3333333333333333,0.3717948717948718,naive_M
RNASEQ25,Astrocyte,31,0.11695969719830514,0.06451612903225806,0.3548387096774194,0.0967741935483871,naive_M
RNASEQ25,ChoroidPlx,1597,0.09068721123971599,0.038822792736380715,0.11646837820914215,0.06261740763932373,naive_M
RNASEQ25,Endothel,499,0.16092594463607984,0.4028056112224449,0.1903807615230461,0.42685370741482964,naive_M
RNASEQ25,Ependymal,54,0.1175743937212452,0.25925925925925924,0.09259259259259259,0.1111111111111111,naive_M
RNASEQ25,ExN,241,0.13212072901029126,0.07053941908713693,0.13692946058091288,0.4315352697095436,naive_M
RNASEQ25,InN,23,0.06947927857182778,0.0,0.17391304347826086,0.4782608695652174,naive_M
RNASEQ25,LowConf_Microglia,93,0.2981243783237536,0.4731182795698925,0.22580645161290322,0.8279569892473119,naive_M
RNASEQ25,Macrophage,25,0.17954983694579973,0.24,0.12,0.48,naive_M
RNASEQ25,Microglia,3752,0.21015864434212853,0.18550106609808104,0.16204690831556504,0.7611940298507462,naive_M
RNASEQ25,Oligo,16,0.0878952115811981,0.0,0.125,0.125,naive_M
RNASEQ25,Pericyte,279,0.16621894124668202,0.25448028673835127,0.25089605734767023,0.35842293906810035,naive_M
RNASEQ25,Proliferat,17,0.15013716080890774,0.29411764705882354,0.35294117647058826,0.4117647058823529,naive_M
RNASEQ25,Tcell,26,0.11397409632464209,0.07692307692307693,0.11538461538461539,0.4230769230769231,naive_M
RNASEQ26,Astrocyte,29,0.09620036561011105,0.0,0.13793103448275862,0.06896551724137931,naive_F
RNASEQ26,ChoroidPlx,1573,0.08876119614503139,0.06166560712015257,0.12396694214876033,0.06738715829624921,naive_F
RNASEQ26,Endothel,135,0.1568363484898781,0.35555555555555557,0.08888888888888889,0.42962962962962964,naive_F
RNASEQ26,Ependymal,25,0.11451804328383101,0.32,0.2,0.0,naive_F
RNASEQ26,ExN,13,0.14108144677173673,0.07692307692307693,0.07692307692307693,0.38461538461538464,naive_F
RNASEQ26,InN,22,0.07160352223519559,0.09090909090909091,0.4090909090909091,0.5,naive_F
RNASEQ26,Macrophage,12,0.208369650579417,0.25,0.25,0.5833333333333334,naive_F
RNASEQ26,Microglia,3475,0.22469127862350094,0.180431654676259,0.17093525179856114,0.7623021582733813,naive_F
RNASEQ26,Pericyte,97,0.1794971330471602,0.10309278350515463,0.23711340206185566,0.30927835051546393,naive_F
RNASEQ26,Tcell,61,0.1383599210175588,0.11475409836065574,0.19672131147540983,0.3770491803278688,naive_F
RNASEQ27,Astrocyte,45,0.10832027361536765,0.044444444444444446,0.17777777777777778,0.06666666666666667,naive_F
RNASEQ27,ChoroidPlx,2075,0.0928790369763804,0.02313253012048193,0.10506024096385543,0.05349397590361446,naive_F
RNASEQ27,Endothel,403,0.15948522561111197,0.44168734491315137,0.19106699751861042,0.38957816377171217,naive_F
RNASEQ27,Ependymal,42,0.11282993454063968,0.23809523809523808,0.047619047619047616,0.047619047619047616,naive_F
RNASEQ27,InN,17,0.08965365029540164,0.0,0.17647058823529413,0.47058823529411764,naive_F
RNASEQ27,LowConf_Microglia,18,0.3539586655175404,0.7222222222222222,0.3333333333333333,0.9444444444444444,naive_F
RNASEQ27,Macrophage,30,0.18522734187329967,0.43333333333333335,0.26666666666666666,0.5666666666666667,naive_F
RNASEQ27,Microglia,4393,0.22267968352568043,0.20874117914864557,0.18233553380377873,0.7837468700204872,naive_F
RNASEQ27,Pericyte,184,0.18004030730083442,0.266304347826087,0.2826086956521739,0.3532608695652174,naive_F
RNASEQ27,Proliferat,13,0.18334495325108316,0.38461538461538464,0.6153846153846154,0.46153846153846156,naive_F
RNASEQ27,Tcell,38,0.1281235764840246,0.15789473684210525,0.21052631578947367,0.3684210526315789,naive_F
RNASEQ28,ChoroidPlx,7982,0.0367566716886415,0.0021297920320721623,0.026935605111500876,0.015910799298421447,naive_F
RNASEQ28,Endothel,150,0.16936354460403882,0.5133333333333333,0.11333333333333333,0.5,naive_F
RNASEQ28,Ependymal,232,0.11961534052999435,0.1336206896551724,0.10775862068965517,0.23706896551724138,naive_F
RNASEQ28,InN,27,0.06699155490817343,0.1111111111111111,0.18518518518518517,0.14814814814814814,naive_F
RNASEQ28,Oligo,62,0.10425318398691662,0.06451612903225806,0.08064516129032258,0.14516129032258066,naive_F
RNASEQ28,Pericyte,293,0.1857534120435378,0.3310580204778157,0.16382252559726962,0.45733788395904434,naive_F
RNASEQ28,Proliferat,17,0.10743580101585423,0.11764705882352941,0.4117647058823529,0.29411764705882354,naive_F
RNASEQ28,Tcell,53,0.10169056767713522,0.03773584905660377,0.03773584905660377,0.16981132075471697,naive_F
