celltype,metric,floor,F_or_base,h6,d2,d4,fold6,fold4,diff4,KW_p,p6,p4,n_mice
Oligo,p21,1076,Ctrl=2.242,17.247079226092144,1.701151682001539,1.405223612229306,7.692693082183772,0.6267701225819093,-0.8367843610299246,0.06271109075898101,0.1,0.4,3/3/3/3
Oligo,p16,1076,Ctrl=0.089,0.0,0.0,0.0,0.0,0.0,-0.08949086035409237,0.08788702300262115,0.4,0.4,3/3/3/3
Astrocyte,p21,777,Ctrl=0.837,10.754550907555002,1.0796894672650363,1.4067847253143426,12.853056370762843,1.6812866972707567,0.5700537099568874,0.07523969031946498,0.1,0.7,3/3/3/3
Astrocyte,p16,777,Ctrl=0.000,0.02365361608077381,0.023138159828396773,0.0,23653616.080773808,0.0,0.0,0.5295648183460393,0.7,1.0,3/3/3/3
Microglia,p21,737,Ctrl=0.236,8.29894258199173,1.6329037944628595,1.267930617820895,35.22901126055489,5.382365472649699,1.0323593575146521,0.023387417560458312,0.1,0.1,3/3/3/3
Microglia,p16,737,Ctrl=0.000,0.08378351340535937,0.15541739987112438,0.038358266206367474,83783513.40535937,38358266.20636747,0.038358266206367474,0.7336200566438908,0.7,0.7,3/3/3/3
ExN,p21,2071,Ctrl=2.203,11.182356965130781,6.550220518795371,2.7684027688113573,5.075343247201061,1.2564966707852825,0.5651316952149847,0.2000508161362503,0.2,0.7,3/3/3/3
ExN,p16,2071,Ctrl=0.033,0.025483243721911648,0.027349827274924878,0.03655201257868455,0.7696421390382693,1.1039398851341427,0.0034415026035485227,0.7640938305709298,1.0,0.7,3/3/3/3
InN,p21,1713,Ctrl=0.596,5.029301198318105,1.4940589983512194,1.4584163008157047,8.445188098285982,2.448968455123341,0.8628936031816707,0.2935754062393193,0.4,0.1,3/3/3/3
InN,p16,1713,Ctrl=0.005,0.03933185675940154,0.015613891167650959,0.00313142600425398,7.848424728496491,0.624856371200154,-0.0018800072603848811,0.5839155114128056,0.4,1.0,3/3/3/3
OPC,p21,789,Ctrl=1.442,7.618866809951208,1.6767078739973373,0.6862356608153998,5.2847929145967205,0.476004299390561,-0.7554228739793546,0.05466668176935204,0.1,0.1,3/3/3/3
OPC,p16,789,Ctrl=0.000,0.0,0.0,0.065762166000728,0.0,65762166.000727996,0.065762166000728,0.39162517627108906,1.0,0.7,3/3/3/3
Pericyte,p21,746,Ctrl=4.433,12.404730712108199,2.4120070489576184,1.467639604682068,2.7979730676011827,0.33103629430963943,-2.9658307727663056,0.11286440254713426,0.2,0.4,3/3/3/3
Pericyte,p16,746,Ctrl=0.233,0.0,0.0,0.0,0.0,0.0,-0.2333080009652204,0.39162517627108906,0.7,0.7,3/3/3/3
Ambiguous_Endothel_ExN,p21,760,Ctrl=8.463,24.87515865175192,7.241964364813299,6.5718689512346105,2.939141973010372,0.7765038264122559,-1.8915393768339763,0.06271109075898101,0.1,0.2,3/3/3/3
Ambiguous_Endothel_ExN,p16,760,Ctrl=0.000,0.0,0.2961294006653436,0.0,0.0,0.0,0.0,0.08788702300262115,1.0,1.0,3/3/3/3
Ambiguous_ChoroidPlx_Pericyte,p21,758,Ctrl=3.766,8.834800138081071,2.295641704055027,2.8504068103757008,2.345691797219677,0.7567999014508131,-0.9159874570011404,0.07028107734062496,0.1,0.7,3/3/3/3
