score,cell_type,time_point,mean,n_mice
SenMayo_real,Microglia,Ctrl,0.23687860945850484,7
SenMayo_real,Microglia,24h,0.31387347259255344,6
SenMayo_real,Microglia,7d,0.25699806135236375,3
SenMayo_real,Microglia,6mo,0.22081930171030179,4
SenMayo_real,Astrocyte,Ctrl,0.11053256611200334,7
SenMayo_real,Astrocyte,24h,0.20033743881324595,6
SenMayo_real,Astrocyte,7d,0.15181163681071638,3
SenMayo_real,Astrocyte,6mo,0.09832765698257628,4
SenMayo_real,Oligo,Ctrl,0.12126916212019756,7
SenMayo_real,Oligo,24h,0.17878010253637433,6
SenMayo_real,Oligo,7d,0.15210067366112923,3
SenMayo_real,Oligo,6mo,0.10743232531006155,4
CellAge,Microglia,Ctrl,0.07814421890492147,7
CellAge,Microglia,24h,0.17408486366485496,6
CellAge,Microglia,7d,0.08734232665768622,3
CellAge,Microglia,6mo,0.06750446070662237,4
CellAge,Astrocyte,Ctrl,0.041827545303413205,7
CellAge,Astrocyte,24h,0.09186690550250931,6
CellAge,Astrocyte,7d,0.04824796522314909,3
CellAge,Astrocyte,6mo,0.03799649937656749,4
CellAge,Oligo,Ctrl,0.03083457590488905,7
CellAge,Oligo,24h,0.12695090661815497,6
CellAge,Oligo,7d,0.06148568025600218,3
CellAge,Oligo,6mo,0.03805006854695442,4
Composite_pilot,Microglia,Ctrl,0.26957888277219866,7
Composite_pilot,Microglia,24h,0.3583141842510032,6
Composite_pilot,Microglia,7d,0.26389433377627175,3
Composite_pilot,Microglia,6mo,0.24511817723528578,4
Composite_pilot,Astrocyte,Ctrl,0.14648876873628938,7
Composite_pilot,Astrocyte,24h,0.2574636318993291,6
Composite_pilot,Astrocyte,7d,0.1543643736986234,3
Composite_pilot,Astrocyte,6mo,0.11728414843184373,4
Composite_pilot,Oligo,Ctrl,0.1181203391161817,7
Composite_pilot,Oligo,24h,0.20064169907088222,6
Composite_pilot,Oligo,7d,0.14645793029600124,3
Composite_pilot,Oligo,6mo,0.10748322557890963,4
