"cell_type","Rgs5","Gad2","Gad1","Slc1a2","Snap25","Plp1","P2ry12","S100a8","Cdkn2a","C1qa","Pdgfra","Tmem119","Mki67","Syt1","Lyz2","Cd3e","Top2a","Gfap","Pecam1","Foxj1","Vcan","Hexb","Cldn5","Cdkn1a","Mog","Aqp4","Ttr","Camk2a","Pdgfrb","Csf1r","Mbp"
"Ambiguous",0.0590816911559946,0.00313037495700034,0.00735251198665833,0.159608215701057,0.0207025041235568,0.118709385051981,0.448275291826791,0.00434173669467787,0.0142857142857143,0.763175956743691,0.0257469946494337,0.478660523950866,0.0329040739102659,0.00974868354899315,0.395170520662101,0,0.0724165626884044,0.0342818695563542,0.0606170836722826,0.0155555555555556,0.027331795779655,0.733628213088116,0.056446357220351,0.351339683114394,0.0169444444444444,0.0186369770580297,0.0811790230613382,0.00405982905982906,0.0183943833943834,0.658513730739435,0.219228302733928
"Ambiguous_ChoroidPlx_Neutrophil",0.00370159945583576,0,0.000255362614913177,0.00154943225121725,0,0.00112225295581624,7.75674837108284e-05,0.101427042515581,0,0.0638252507554101,0.0871610603900299,0.000667886255847782,0.000590318772136954,0.0245419488993933,0.162980905988063,0,0,0.000273822562979189,0.0103153470792317,0.295899468606812,0.0206739917230699,0.116417926600135,0.00867519665438614,0.271237022177773,0,0.0125920093840755,0.960626003761062,0,0.000967117988394584,0.0468120405855711,0.162351239730719
"Astrocyte",0.00540107525122145,0.00402925824686925,0.00143018108382817,0.97299183287351,0.0103675322923821,0.101850749236426,0.0546563804960929,0.0174870023526492,0,0.0640093329735331,0.00336700336700337,0.0443354517156288,0.00112617994338424,0.00459813896428475,0.0240699130779621,0,0.00370503943603359,0.253423228563777,0.0101693778808207,0.0159608677971397,0.0376889838306592,0.145275482093145,0.0121242792126938,0.149405763042931,0,0.714939325713664,0.111478883836122,0.00738651845754279,0.118043860108658,0.061342820264587,0.0993148016618378
"ChoroidPlx",0.0133535607512491,0.000268261024218049,0.000533521078883273,0.0192571853054042,0.00122959365500597,0.00629504235681509,0.0220185179785565,0.0137790452934789,0.000212199875533568,0.0379467295125867,0.0736774051625166,0.0171301846055967,0.000100682805364266,0.0234346492887445,0.00623117792000198,0.000183135154739599,4.51508036843056e-05,0.00702626860988382,0.00939768398179676,0.206285916389699,0.000486931334368879,0.115528738595174,0.00763893558280599,0.136155665135539,0.000251107140680782,0.010170650188389,0.991474536877481,0.00219320470365494,0.00300021986535115,0.0261088274276773,0.160364120107169
"Endothel",0.300187407684351,0.000735703570715088,0.00101432563188234,0.263112557484082,0.00747901860257661,0.0327752820890945,0.101982669465664,0.00561749423160566,0.000837650454506821,0.154427730065879,0.000967646438678783,0.0944884478401556,0.001954366463487,0.0026148006956313,0.0401965971618493,0.00026636832516314,0.00385567124871644,0.0357541812628288,0.547567268369493,0.00166842184828376,0.00304219127558912,0.197589711169405,0.911136538456504,0.379133616865784,0.00145214648053749,0.0257383779884658,0.00894157478276393,0.00379040486035879,0.021578941932791,0.124352300038421,0.0761448734628379
"Ependymal",0.0175961038368674,0.000661375661375661,0.00515707091563998,0.280005180909971,0.00163270637408568,0.0324844363626636,0.0629235862102257,0.00691913679731148,0,0.0694865708778742,0.000213857998289136,0.0595660095578533,0.00164213854720772,0.00446428571428571,0.0322575064277823,0,0.00923153883488287,0.430157610199105,0.00795513110403242,0.604975371053408,0.0672182783739166,0.171929515576251,0.0206763894499672,0.371493854410024,0,0.437779969483052,0.153743604887627,0.0018564842466817,0.000624367029487822,0.058445541695318,0.0905026826846182
"ExN",0.0176945974178984,0.0134800318954409,0.00696724191177492,0.529729981258514,0.102224982487237,0.13977301941334,0.577709935136429,0.0112179487179487,0.0010989010989011,0.671544057879886,0.000704336146293976,0.573693862922238,0.00549281441054523,0.0618399846499835,0.22663618195103,0,0.00758615086284913,0.246131301190347,0.0241741168651377,0.00177922519690973,0.0162035517713152,0.665111684331924,0.0068040293040293,0.174831653525107,0.00296615883065187,0.10963726531589,0.0449100628433485,0.0871070130324511,0.0001595914458985,0.618924092300005,0.306049693646826
"InN",0.00762961421443564,0.499378615892052,0.305603092377928,0.185994752976779,0.141672361715484,0.0368348800592542,0.0402662530814835,0.0206357591475977,0.00178657321514464,0.0781484355363039,0.00324544819233859,0.0457497379123643,0.0142872875385681,0.0709561858389723,0.0281152456201136,0.000558035714285714,0.0258986592718289,0.0105489583966733,0.00753447733109145,0.00693113180307735,0.292514286565303,0.107612703971087,0.0117844594004059,0.0681629607309507,0.00103034134007585,0.00578359716320546,0.186114696437094,0.00557989894298314,0.00132275132275132,0.069005449685634,0.102976168163238
"LowConf_Microglia",0.00545793817137901,0.000273310318687767,0.00105798348658505,0.0195610593049559,0.00346233729702209,0.0259768435510557,0.360327346055808,0.00469345230951891,0.00410054818904739,0.903817672448497,3.74756408334583e-05,0.410656000006591,0.00450726658316583,0.00191571074337776,0.483867337366303,6.5355645294259e-05,0.019725234720679,0.00734202778454938,0.0272550828858596,0.00318460851896676,0.000539181746815657,0.919634697614057,0.00740712472857171,0.57842546488061,0.000855024635622179,0.00310902879565142,0.0562026968117985,0.00759685519952884,0.000402236726439273,0.773881735466598,0.126301972989846
"Macrophage",0.015555873236367,0.000425754351649333,0.000371050853446288,0.0215669114183259,0.0050625880653559,0.0250021329259496,0.0712034774369026,0.0994998646746907,0.000122341924640488,0.43985012157681,9.18813627843728e-06,0.103044949846481,0.0439678806125987,0.000804734935953201,0.929275048041169,0.000171483323619056,0.0248582480594401,0.00733714982080052,0.0420071599784237,0.00298381692845047,0.180962530101757,0.566193866771535,0.00457998550228601,0.672034778532683,0.000271333978048466,0.0010852463825458,0.000174435328719303,0.00527860279681164,0.00476079239843108,0.628989041420456,0.204495074746688
"Microglia",0.0057551509286639,0.000994363611049455,0.00100589969403883,0.0248190780607277,0.0087807754337568,0.0249446033259336,0.758011675091191,0.00666400300965387,0.00416823996866704,0.993416277352368,0.000276119602219374,0.798798961734753,0.0127847247408119,0.00479928481537692,0.424310101629932,0.000100375680741597,0.0359542528888437,0.00711480781998065,0.0287429169902126,0.0038050885167434,0.000934020410632052,0.965924259622227,0.0104737634626189,0.330443142187947,0.00105446555859338,0.00236857513159168,0.0210080985868696,0.0083518301245096,0.000968134514845206,0.895758880784097,0.107587311706052
"Neutrophil",0.00246461106063128,4.36159108254621e-05,0.00391988730728304,0.00941916021788968,0.00073873414871779,0.0052957821648563,0.0361435389512572,0.930515857215997,6.71413732180453e-05,0.0692372300692278,0.000158351715983521,0.0352225183675088,0.0133382707946148,0.00395910981531875,0.505152987727516,0.000158573620112082,0.00523562921387137,0.00323937312873548,0.0360289615728942,0.00060798447491841,0.00615623505102558,0.137527228748844,0.011941361278967,0.355414447084529,5.58370201227344e-05,0.0054325058321961,0.196304345689255,0.000684656193423918,0.0013990914508097,0.116278060755712,0.169348320459183
"Oligo",0.0110225467030765,0.00571151409566044,0.00037202380952381,0.0543337129906753,0.00750506894344002,0.991606218574386,0.0746638594034235,0.0293365814794386,0,0.101284996201036,0.00100243349372269,0.072877128736576,0.000793650793650794,0.00430577122153209,0.0324699562453473,0,0.00396825396825397,0.02503367035597,0.0181062566161293,0.0489493554731303,0.00352601267779839,0.184986920791292,0.0254213190404982,0.254987459032506,0.823188653978025,0.00426322349565437,0.307553547409458,0.00801748036613019,0.00214285714285714,0.0901817042763608,0.963808363103633
"OPC",0,0,0,0.125,0,0.625,0,0,0,0,0.0625,0,0,0,0,0,0,0.0625,0,0,0.4375,0,0,0,0.3125,0,0.125,0,0,0,0.6875
"Pericyte",0.671343406889365,0.0011901300547356,0.00139772927245231,0.281384433416622,0.00929790184578905,0.044348421273269,0.0980504407294271,0.0127222826048203,0.00153157155585199,0.152599379638243,0.0659314202311908,0.0965554601317906,0.00332634870979172,0.00223170918318315,0.0410479869246966,0.000426770792145501,0.00760794012234791,0.0550523646485114,0.441708224500863,0.00278709144898952,0.0247113055634216,0.243832927945571,0.401854523364,0.332817162099257,0.000491526458855887,0.0442419502076917,0.0452947846865372,0.00589093874086229,0.5282061764661,0.123196488898971,0.080408985567415
"Proliferat",0.00934004201681247,0.11454250292027,0.0537872875423309,0.179726874446742,0.0482408503381263,0.041102167286303,0.43750974186275,0.0153323032723122,0.0839592583280334,0.65565775926677,0.00469081570379463,0.552746185083293,0.685202869790353,0.0153690281376735,0.332850090286887,0,0.781704751378527,0.0205055730335583,0.0372715856782043,0.00567869471293984,0.108042865019517,0.687777885821378,0.0246373532474858,0.558105231304912,0.00115276324642373,0.00549723118435115,0.0980950496015064,0.00741909153367269,0.00176928139790247,0.589497960697872,0.1445834370152
"Tcell",0.0137831151085014,0,0.000299218200562035,0.0225891662472994,0.00057891361442452,0.0108034500133358,0.0223627400994708,0.0132731747629371,0.00365800759329353,0.056875993486474,0.000168463611859838,0.0287471787404131,0.0254486842567368,0.000824317706006556,0.0374428718167024,0.253603792275757,0.0374160567662008,0.00525002630263883,0.0706432505363405,0.00233429302094315,0.00477198466642669,0.10882942133653,0.0123016870332794,0.169393597612668,0,0.00528705702014136,0.116586224898112,0.00133797759731143,0.00220641073294525,0.0545519869552912,0.163622126779516
