sample,p21,SASP_score,S_score,G2M_score
RNASEQ03,False,0.13562483346655999,0.07434052757793767,0.0011990407673860906
RNASEQ03,True,0.17226528854435816,0.0658914728682171,0.0019379844961240303
RNASEQ04,False,0.10858981046774466,0.02611502347417841,0.00224960876369327
RNASEQ04,True,0.1164021164021163,0.03285714285714286,0.0033333333333333322
RNASEQ06,False,0.19379844961240292,0.12015503875968996,0.01501937984496125
RNASEQ06,True,0.24403855910705205,0.10159817351598176,0.006849315068493154
RNASEQ08,False,0.10916696123482965,0.024213503004595262,0.0028720395899611163
RNASEQ08,True,0.13187014174668485,0.03292181069958848,0.002469135802469135
RNASEQ10,False,0.07835218093699511,0.018813947226709746,0.0020193861066235856
RNASEQ10,True,0.09143136535875804,0.020214521452145213,0.002750275027502749
RNASEQ15,False,0.20163564579808216,0.07064297800338412,0.005710659898477157
RNASEQ15,True,0.2446198475342371,0.04842137219186401,0.005160898603521554
RNASEQ16,False,0.08966997723980957,0.017574487895716945,0.001571229050279329
RNASEQ16,True,0.10582010582010574,0.017857142857142853,0.0017006802721088428
RNASEQ17L,False,0.1747064137308038,0.17601626016260163,0.01991869918699188
RNASEQ17L,True,0.2394723490613899,0.15296803652968044,0.025114155251141558
RNASEQ18L,False,0.23032921810699566,0.10120370370370373,0.011666666666666665
RNASEQ18L,True,0.25973963587452537,0.11629917855598794,0.013510592304366622
RNASEQ19L,False,0.24907191573858217,0.0992618492618493,0.011460761460761464
RNASEQ19L,True,0.2770630279402207,0.1305555555555556,0.014035087719298246
RNASEQ23,False,0.10262210262210254,0.02088452088452088,0.0019012519012519007
RNASEQ23,True,0.1074766355140186,0.025181723779854618,0.0018172377985462092
RNASEQ24,False,0.09854412671314072,0.01936619718309859,0.0020006402048655565
RNASEQ24,True,0.10271672771672763,0.021749084249084248,0.0017170329670329664
RNASEQ25,False,0.09267417196932609,0.023494860499265784,0.0028144884973078793
RNASEQ25,True,0.10473914774990035,0.025985663082437275,0.0013440860215053758
