sample,gene,n_pos,n_neg,pos_pct,neg_pct,diff_pp
RNASEQ03,Trem2,41,138,73.171,76.087,-2.916
RNASEQ03,Apoe,41,138,29.268,23.913,5.355
RNASEQ03,Lpl,41,138,39.024,36.957,2.067
RNASEQ03,Cst7,41,138,14.634,9.42,5.214
RNASEQ03,Spp1,41,138,17.073,13.043,4.03
RNASEQ03,Cd9,41,138,78.049,63.043,15.006
RNASEQ03,Itgax,41,138,0.0,0.0,0.0
RNASEQ03,P2ry12,41,138,29.268,21.014,8.254
RNASEQ03,Tmem119,41,138,43.902,39.13,4.772
RNASEQ03,Stat1,41,138,4.878,4.348,0.53
RNASEQ03,Irf7,41,138,0.0,1.449,-1.449
RNASEQ03,Bcl2,41,138,4.878,1.449,3.429
RNASEQ03,Mcl1,41,138,43.902,31.159,12.743
RNASEQ03,Bax,41,138,51.22,55.072,-3.852
RNASEQ04,Trem2,176,855,99.432,99.298,0.134
RNASEQ04,Apoe,176,855,28.409,26.433,1.976
RNASEQ04,Lpl,176,855,2.841,1.637,1.204
RNASEQ04,Cst7,176,855,1.136,1.52,-0.384
RNASEQ04,Spp1,176,855,0.568,0.234,0.334
RNASEQ04,Cd9,176,855,91.477,93.45,-1.973
RNASEQ04,Itgax,176,855,0.568,0.234,0.334
RNASEQ04,P2ry12,176,855,97.727,99.415,-1.688
RNASEQ04,Tmem119,176,855,96.591,96.491,0.1
RNASEQ04,Stat1,176,855,7.955,9.942,-1.987
RNASEQ04,Irf7,176,855,2.273,3.158,-0.885
RNASEQ04,Bcl2,176,855,2.841,2.807,0.034
RNASEQ04,Mcl1,176,855,85.795,78.129,7.666
RNASEQ04,Bax,176,855,30.682,34.737,-4.055
RNASEQ06,Trem2,74,173,95.946,92.486,3.46
RNASEQ06,Apoe,74,173,32.432,35.838,-3.406
RNASEQ06,Lpl,74,173,22.973,28.324,-5.351
RNASEQ06,Cst7,74,173,8.108,14.451,-6.343
RNASEQ06,Spp1,74,173,21.622,22.543,-0.921
RNASEQ06,Cd9,74,173,90.541,83.815,6.726
RNASEQ06,Itgax,74,173,1.351,1.156,0.195
RNASEQ06,P2ry12,74,173,79.73,62.428,17.302
RNASEQ06,Tmem119,74,173,79.73,78.035,1.695
RNASEQ06,Stat1,74,173,9.459,6.358,3.101
RNASEQ06,Irf7,74,173,9.459,0.0,9.459
RNASEQ06,Bcl2,74,173,4.054,4.624,-0.57
RNASEQ06,Mcl1,74,173,86.486,60.694,25.792
RNASEQ06,Bax,74,173,40.541,41.618,-1.077
RNASEQ08,Trem2,409,1911,99.756,99.843,-0.087
RNASEQ08,Apoe,409,1911,44.01,48.352,-4.342
RNASEQ08,Lpl,409,1911,5.623,2.512,3.111
RNASEQ08,Cst7,409,1911,1.956,2.355,-0.399
RNASEQ08,Spp1,409,1911,0.489,0.366,0.123
RNASEQ08,Cd9,409,1911,93.643,94.349,-0.706
RNASEQ08,Itgax,409,1911,0.978,0.523,0.455
RNASEQ08,P2ry12,409,1911,97.555,99.006,-1.451
RNASEQ08,Tmem119,409,1911,95.355,94.035,1.32
RNASEQ08,Stat1,409,1911,7.335,9.262,-1.927
RNASEQ08,Irf7,409,1911,3.178,1.308,1.87
RNASEQ08,Bcl2,409,1911,2.934,2.93,0.004
RNASEQ08,Mcl1,409,1911,89.731,77.813,11.918
RNASEQ08,Bax,409,1911,33.985,30.403,3.582
RNASEQ10,Trem2,597,2454,98.995,99.47,-0.475
RNASEQ10,Apoe,597,2454,61.809,57.865,3.944
RNASEQ10,Lpl,597,2454,3.183,1.385,1.798
RNASEQ10,Cst7,597,2454,1.173,2.119,-0.946
RNASEQ10,Spp1,597,2454,0.0,0.163,-0.163
RNASEQ10,Cd9,597,2454,61.474,62.795,-1.321
RNASEQ10,Itgax,597,2454,0.335,0.326,0.009
RNASEQ10,P2ry12,597,2454,89.782,90.465,-0.683
RNASEQ10,Tmem119,597,2454,95.812,95.558,0.254
RNASEQ10,Stat1,597,2454,6.868,7.05,-0.182
RNASEQ10,Irf7,597,2454,2.01,1.059,0.951
RNASEQ10,Bcl2,597,2454,1.675,1.874,-0.199
RNASEQ10,Mcl1,597,2454,78.894,73.105,5.789
RNASEQ10,Bax,597,2454,24.623,23.594,1.029
RNASEQ15,Trem2,551,392,93.103,91.327,1.776
RNASEQ15,Apoe,551,392,27.768,32.398,-4.63
RNASEQ15,Lpl,551,392,43.376,35.459,7.917
RNASEQ15,Cst7,551,392,10.163,9.184,0.979
RNASEQ15,Spp1,551,392,16.515,12.755,3.76
RNASEQ15,Cd9,551,392,81.488,74.235,7.253
RNASEQ15,Itgax,551,392,1.089,2.041,-0.952
RNASEQ15,P2ry12,551,392,53.176,51.276,1.9
RNASEQ15,Tmem119,551,392,67.332,70.918,-3.586
RNASEQ15,Stat1,551,392,12.523,9.949,2.574
RNASEQ15,Irf7,551,392,4.719,3.571,1.148
RNASEQ15,Bcl2,551,392,6.352,4.847,1.505
RNASEQ15,Mcl1,551,392,91.289,78.061,13.228
RNASEQ15,Bax,551,392,42.831,43.112,-0.281
RNASEQ16,Trem2,196,1427,95.918,96.356,-0.438
RNASEQ16,Apoe,196,1427,24.49,25.858,-1.368
RNASEQ16,Lpl,196,1427,2.551,0.911,1.64
RNASEQ16,Cst7,196,1427,0.0,0.981,-0.981
RNASEQ16,Spp1,196,1427,0.0,0.07,-0.07
RNASEQ16,Cd9,196,1427,71.429,76.454,-5.025
RNASEQ16,Itgax,196,1427,0.51,0.21,0.3
RNASEQ16,P2ry12,196,1427,95.408,97.197,-1.789
RNASEQ16,Tmem119,196,1427,80.102,80.869,-0.767
RNASEQ16,Stat1,196,1427,10.204,6.657,3.547
RNASEQ16,Irf7,196,1427,2.041,0.911,1.13
RNASEQ16,Bcl2,196,1427,2.551,3.083,-0.532
RNASEQ16,Mcl1,196,1427,84.694,72.74,11.954
RNASEQ16,Bax,196,1427,19.898,21.023,-1.125
RNASEQ17L,Trem2,76,198,93.421,89.394,4.027
RNASEQ17L,Apoe,76,198,6.579,25.253,-18.674
RNASEQ17L,Lpl,76,198,38.158,40.909,-2.751
RNASEQ17L,Cst7,76,198,13.158,16.162,-3.004
RNASEQ17L,Spp1,76,198,51.316,45.96,5.356
RNASEQ17L,Cd9,76,198,88.158,80.303,7.855
RNASEQ17L,Itgax,76,198,5.263,1.515,3.748
RNASEQ17L,P2ry12,76,198,60.526,46.97,13.556
RNASEQ17L,Tmem119,76,198,82.895,66.667,16.228
RNASEQ17L,Stat1,76,198,2.632,6.061,-3.429
RNASEQ17L,Irf7,76,198,1.316,1.01,0.306
RNASEQ17L,Bcl2,76,198,10.526,3.535,6.991
RNASEQ17L,Mcl1,76,198,84.211,42.929,41.282
RNASEQ17L,Bax,76,198,57.895,44.444,13.451
RNASEQ18L,Trem2,788,906,95.685,97.241,-1.556
RNASEQ18L,Apoe,788,906,48.477,52.98,-4.503
RNASEQ18L,Lpl,788,906,21.193,16.115,5.078
RNASEQ18L,Cst7,788,906,7.741,9.823,-2.082
RNASEQ18L,Spp1,788,906,48.35,44.812,3.538
RNASEQ18L,Cd9,788,906,82.614,86.093,-3.479
RNASEQ18L,Itgax,788,906,1.777,1.987,-0.21
RNASEQ18L,P2ry12,788,906,83.122,80.353,2.769
RNASEQ18L,Tmem119,788,906,87.817,88.3,-0.483
RNASEQ18L,Stat1,788,906,7.487,7.174,0.313
RNASEQ18L,Irf7,788,906,2.792,0.993,1.799
RNASEQ18L,Bcl2,788,906,5.711,4.305,1.406
RNASEQ18L,Mcl1,788,906,92.132,84.327,7.805
RNASEQ18L,Bax,788,906,38.832,37.859,0.973
RNASEQ19L,Trem2,570,424,92.807,94.34,-1.533
RNASEQ19L,Apoe,570,424,48.246,43.632,4.614
RNASEQ19L,Lpl,570,424,38.596,29.717,8.879
RNASEQ19L,Cst7,570,424,13.86,12.5,1.36
RNASEQ19L,Spp1,570,424,38.07,36.321,1.749
RNASEQ19L,Cd9,570,424,84.211,78.538,5.673
RNASEQ19L,Itgax,570,424,1.053,2.358,-1.305
RNASEQ19L,P2ry12,570,424,49.649,55.66,-6.011
RNASEQ19L,Tmem119,570,424,76.316,79.481,-3.165
RNASEQ19L,Stat1,570,424,5.614,4.009,1.605
RNASEQ19L,Irf7,570,424,2.982,1.651,1.331
RNASEQ19L,Bcl2,570,424,4.561,4.245,0.316
RNASEQ19L,Mcl1,570,424,88.07,79.717,8.353
RNASEQ19L,Bax,570,424,39.298,34.198,5.1
RNASEQ23,Trem2,634,2826,97.319,98.408,-1.089
RNASEQ23,Apoe,634,2826,45.426,45.86,-0.434
RNASEQ23,Lpl,634,2826,1.104,0.885,0.219
RNASEQ23,Cst7,634,2826,1.735,1.38,0.355
RNASEQ23,Spp1,634,2826,0.0,0.071,-0.071
RNASEQ23,Cd9,634,2826,82.65,81.883,0.767
RNASEQ23,Itgax,634,2826,0.789,0.637,0.152
RNASEQ23,P2ry12,634,2826,96.688,96.214,0.474
RNASEQ23,Tmem119,634,2826,89.274,89.703,-0.429
RNASEQ23,Stat1,634,2826,6.467,6.299,0.168
RNASEQ23,Irf7,634,2826,2.524,1.522,1.002
RNASEQ23,Bcl2,634,2826,1.893,2.088,-0.195
RNASEQ23,Mcl1,634,2826,86.435,83.05,3.385
RNASEQ23,Bax,634,2826,20.978,20.276,0.702
RNASEQ24,Trem2,725,3079,98.483,98.051,0.432
RNASEQ24,Apoe,725,3079,47.172,47.061,0.111
RNASEQ24,Lpl,725,3079,1.379,0.715,0.664
RNASEQ24,Cst7,725,3079,1.793,1.624,0.169
RNASEQ24,Spp1,725,3079,0.138,0.13,0.008
RNASEQ24,Cd9,725,3079,80.414,82.234,-1.82
RNASEQ24,Itgax,725,3079,0.414,0.65,-0.236
RNASEQ24,P2ry12,725,3079,94.897,95.258,-0.361
RNASEQ24,Tmem119,725,3079,87.448,90.646,-3.198
RNASEQ24,Stat1,725,3079,6.483,6.593,-0.11
RNASEQ24,Irf7,725,3079,1.931,1.007,0.924
RNASEQ24,Bcl2,725,3079,2.897,2.273,0.624
RNASEQ24,Mcl1,725,3079,88.276,83.339,4.937
RNASEQ24,Bax,725,3079,23.31,21.208,2.102
RNASEQ25,Trem2,193,696,98.446,98.994,-0.548
RNASEQ25,Apoe,193,696,44.56,43.247,1.313
RNASEQ25,Lpl,193,696,1.036,1.724,-0.688
RNASEQ25,Cst7,193,696,0.518,1.006,-0.488
RNASEQ25,Spp1,193,696,0.518,0.431,0.087
RNASEQ25,Cd9,193,696,91.192,88.218,2.974
RNASEQ25,Itgax,193,696,0.0,0.431,-0.431
RNASEQ25,P2ry12,193,696,97.409,97.557,-0.148
RNASEQ25,Tmem119,193,696,97.409,96.264,1.145
RNASEQ25,Stat1,193,696,6.736,10.776,-4.04
RNASEQ25,Irf7,193,696,2.591,1.724,0.867
RNASEQ25,Bcl2,193,696,2.073,3.017,-0.944
RNASEQ25,Mcl1,193,696,93.782,80.603,13.179
RNASEQ25,Bax,193,696,30.57,26.724,3.846
