gene,n_mice,pos_mean,neg_mean,diff_pp,direction_consist,p_wilcoxon
Trem2,13,96.61370966391642,90.72429008543227,5.8894195784841745,12/13,0.00048828125
Apoe,13,40.61584529580155,36.90739281426887,3.7084524815326816,11/13,0.021484375
Lpl,13,25.385393777860713,14.6396846660118,10.745709111848914,13/13,0.000244140625
Cst7,13,9.844645318965158,6.119849352582973,3.724795966382188,11/13,0.021484375
Spp1,13,17.893255390447283,12.901324586267018,4.991930804180266,9/13,0.021484375
Cd9,13,85.20843630799476,76.21216897049507,8.996267337499681,13/13,0.000244140625
Itgax,13,1.8149744865969626,1.1264515113437514,0.6885229752532109,10/13,0.021484375
P2ry12,13,84.3281097040585,74.8807054961567,9.44740420790181,10/13,0.010498046875
Tmem119,13,87.65427433419485,77.24489810781496,10.409376226379882,12/13,0.00048828125
Stat1,13,11.262752575047186,7.622654970997042,3.6400976040501436,13/13,0.000244140625
Irf7,13,3.5542814691986657,1.5601696867708255,1.99411178242784,13/13,0.000244140625
Cdkn1a,13,100.0,0.0,100.0,13/13,0.000244140625
Cdkn2a,13,0.6759444324466805,0.32085232306299843,0.35509210938368213,8/13,0.12939453125
Bcl2,13,6.3672686822420985,3.3665011911418103,3.000767491100289,13/13,0.000244140625
Mcl1,13,88.77244617337584,66.97898671472151,21.793459458654322,13/13,0.000244140625
Bax,13,42.382817356887394,31.554571865481492,10.828245491405909,13/13,0.000244140625
