"ligand","cdkn2a_weight","activity","rank"
"Il23a",0.0139097867618534,0.429655816301485,19
"Bace1",0.0123332460409473,0.451117635237041,10
"Il1b",0.0118290554389356,0.517003076850618,1
"Nampt",0.01104536204315,0.417180231220685,27
"Ifitm6",0.0109117219573716,0.412589801720292,30
"Tnf",0.00899726990559912,0.459129298296622,8
"Chl1",0.00892281976874205,0.457886410044909,9
"Bace2",0.00830813127459517,0.429801263100304,18
"Icam1",0.00777886928959558,0.48734188874662,2
"Psen1",0.00769006749189434,0.417450609377789,26
"Mmp9",0.00764902001260413,0.447298793008553,13
"Itgal",0.00756477622096121,0.42470506099559,23
"Cd82",0.00749611951373041,0.4271309495205,21
"Ccl3",0.00678934329236002,0.446446282463949,15
"Itgam",0.00667582697566868,0.461370131518089,6
"Vwf",0.00658526049392636,0.447551809875936,12
"Tfpi",0.0065589908088987,0.414961389831328,29
"Cxcl10",0.00646264304914415,0.472543471618019,3
"Ccl2",0.0062507545085638,0.45050417054295,11
"Cd7",0.00609204114354297,0.435906254341839,16
"App",0.00589523508578164,0.460494155368961,7
"B2m",0.00586068101917393,0.415400178585972,28
"Apoc2",0.00576788876181775,0.466801202962357,4
"F13a1",0.00570848766856806,0.428850555514382,20
"Ccl5",0.00553371839439434,0.446949627992344,14
"Sell",0.00531934812676785,0.419660940153344,24
"Sema4a",0.00476688176151414,0.418831436873793,25
"Ccl4",0.00426243372402522,0.46288603252697,5
"C3",0.00423403487378356,0.42702348997107,22
"Ccl7",0.00410668281569274,0.435059775715877,17
