"regulon","g_24h","g_7d","g_6mo","g_D1","g_D7","g_D28","g_290150","class"
"Egr3",-1.35241025419407,6.13570366127724,2.77494775285957,1.01812621411042,7.50399318237346,7.25814576299002,-2.00756181045713,"persistent"
"Tcf3",0.214070568105463,2.43897348083996,1.54703634373271,23.7904139276773,8.73636508242223,3.53323859126062,-0.448603490047211,"persistent"
"E2f3",1.17728399438392,2.32323017232323,0.119626839418604,4.23506378435821,8.3146009426304,6.10777270128164,0.971005274451132,"persistent"
"E2f2",1.19848010789609,4.46857311040638,1.53333469686188,5.0365576913092,7.11319713276286,4.76306158287081,-0.462680478843977,"persistent"
"Tcf7l2",-0.724125449956388,8.60765259599936,1.52398327534392,-2.65164609853111,1.44362823342113,-10.7026771962242,-1.74502094010142,"intermediate"
"Tbp",-1.1898397123536,2.50983888085641,2.15868839888216,3.8618483964548,3.47346696046402,3.86577157581197,-0.157183308330353,"persistent"
"Tgif1",5.29243946707604,4.15102177167197,-0.928495872863001,-2.78479240914691,1.60788966215116,0.988458516193884,0.369932712744627,"persistent"
"Xbp1",7.21979415976824,-4.97079334124638,-0.352157787554283,15.5731659001368,-1.00241039483701,-11.2726145192716,1.36090189290692,"switcher"
"Atf3",0.266657492485632,-1.73475940202208,-1.05790571035598,-3.77612505849121,-8.38597251884566,-1.98396068368117,0.0473871736657794,"nonresponder"
"Junb",-0.766512210278476,-2.47077528641048,-1.16378564455051,-4.33203483887165,-11.4249691754258,-2.14699538313144,-0.223302368048849,"nonresponder"
"Cebpb",3.35917837079864,-1.49172088002868,-1.76218470041853,-2.61723194043367,-3.36155442276798,-0.967086015066834,0.554824004285674,"switcher"
"Jun",-0.768750768323038,-2.31022968101022,-0.959860263104822,-4.20298181788404,-7.09601899248778,0.743151189480286,-0.0852843762531336,"nonresponder"
"Jund",-1.11866997074625,-2.70052595231502,-1.05307557778117,-3.4308200957973,-12.1252431728924,0.288114972602558,-0.702795080175138,"nonresponder"
"Fli1",-2.71223802779802,3.6826188906462,1.6322505348547,0.827415304421621,6.74568337807275,2.57224431283936,-1.16965087361318,"persistent"
"Arnt",-0.996291814668346,3.17434800547878,1.84087009588211,0.74532405925372,2.44203018584083,0.31836085554215,-0.716991162225003,"persistent"
"Clock",-1.63536126164199,4.67548447802214,1.82825775082769,0.234225754883208,3.73636701857618,7.68405236889317,-0.75529666774918,"intermediate"
"Irf7",3.10111052238399,8.49052032477229,3.11554848509872,6.12067207584837,41.7411311632552,10.1299579967423,1.81310282362244,"persistent"
"Zeb1",1.00077304006234,10.0150447557764,1.31968547804869,6.01824825496667,18.5835078002683,8.82532258570413,1.17033824829943,"persistent"
"Stat3",1.06978446712489,-1.18037178938645,-0.831161482384535,-4.37801072123366,-6.02597000111103,2.14929566816705,0.533377633745117,"switcher"
"Fosb",-0.872742629136831,-1.82193432828339,-0.956601894695408,-2.8628615812263,-9.87813147790783,0.907294806684934,-0.273830008389683,"nonresponder"
"Fos",-0.657897368576133,-1.79398805734921,-0.904466026319849,-4.43289915956234,-9.46911727619264,-0.826141938847669,-0.274975571529074,"nonresponder"
"Sp2",-0.154652766910619,5.25913690869501,1.6609982550885,3.21760613104319,6.01403619376298,5.57193244771042,-3.58540252706312,"persistent"
"E2f1",3.42742835373293,3.96261262047563,0.586695766912752,3.00798846338877,10.8193713376962,6.81424181748728,1.36770945450953,"persistent"
"E2f6",1.1033275451553,2.94952298696068,0.977083859600843,8.47400769557275,6.76548784828373,5.55351972860143,0.740616494824386,"persistent"
"Mef2c",-2.9360022698481,-3.83885529622072,-0.341786774044495,-4.55188848884946,-14.8773204055485,-16.0419543594511,-1.95217281934476,"nonresponder"
"Nr2c2",-3.09617532193928,0.936757513281442,0.317372298336293,-14.3449943336619,0.151912582074486,0.556975742431983,-1.67836630311941,"intermediate"
"Rel",0.0252237403497168,-1.2306113326638,-0.751764634231448,-5.14723689352605,-7.76568020838055,2.75655452110868,0.153476412423905,"nonresponder"
"Stat1",1.49447565169509,12.6266802118132,2.12402710959847,5.85348424993023,70.5691391300465,11.500390218935,1.47756969005367,"persistent"
"Stat2",1.22057596913596,10.988291289294,2.96097812456807,3.71481146136808,73.1678690593118,8.71310469094069,0.766067654320767,"persistent"
"Taf1",-0.586651263373797,2.70158583409225,1.49177755637738,4.73053222342805,-1.72802926225012,-0.0960726515196578,0.0481537130656175,"persistent"
"Smad5",-0.569764746097841,4.23860601242867,1.69365211770034,7.31376447725035,9.19264916223567,11.7557696765602,-0.65132289715143,"persistent"
"Zfp384",0.525595369856378,6.20790061435482,1.70928945487589,5.49550232417226,13.5368087531434,8.54894053049243,1.67076031705713,"persistent"
"Brca1",2.60424274380721,2.33031698109002,1.45935900116384,2.19915144602771,3.4303226272998,-1.38456586922052,1.61600911645166,"persistent"
"Tfdp1",2.68079791174796,5.5512771678189,0.615099629534927,1.92507429770382,1.80376163560886,-0.875976661364452,1.3553311590229,"persistent"
"Bcl3",-0.5917916410796,3.43339672517167,2.01370759336814,-1.80947623126751,-0.136036556831166,-1.52080518312465,-0.245427715544777,"intermediate"
"Mga",-0.599751876451961,4.53181660193846,2.32894747047536,4.60640996074237,4.78727113510888,15.8683447821937,-1.92097242453907,"persistent"
"Sin3a",-2.48571528116018,6.20869850997076,0.631440974054623,0.254664461169198,1.40942213350206,3.7634001673074,3.87470573522399,"persistent"
"Deaf1",-1.07430751325877,3.49010378051949,2.12793472937299,4.13785766499255,7.35965928320926,4.07671389388309,3.14039179595204,"persistent"
"Zfp74",-1.87098352483552,3.86603103281206,2.02389438012318,-3.88498441728633,-2.025497197256,-0.626085554547629,-3.48059011580687,"intermediate"
"Foxn3",-3.61988814357919,-2.7065285847936,-0.403241246337693,-7.33320238293752,-8.17324292618744,-5.86335847220403,-1.83303081031692,"nonresponder"
"Zfp449",-1.06219894152444,1.57695635331041,1.49945401719186,0.434422026771642,3.76393234123775,0.497580856349592,-1.14675721741152,"intermediate"
"Zfp777",-0.841386229077053,2.76774294402721,2.12205047687017,0.405908731946269,3.14042185011901,2.04292863778054,-0.429333462745209,"intermediate"
"Zfp595",-1.09324397683559,2.48522983878486,1.27263708737032,1.36399421225472,2.01707304061929,2.46313229310372,-0.789649735781221,"persistent"
"Lcor",-1.69893367235686,3.51855868287434,2.02516843972458,-0.960278718763312,4.12976838020511,0.448156851041827,-0.915519814317738,"intermediate"
"2610044O15Rik8",-1.36217119447671,2.9781563290122,1.81182983002688,4.08102547127338,3.37984266272726,4.69058093114549,-0.755922298889884,"persistent"
"Bax",5.56324514385887,-1.64819337777533,-0.723811121713637,5.61222432214204,3.25119910191375,0.086795246942608,1.29505129947472,"intermediate"
"Pole3",3.44263641728172,1.43685042642363,0.362207463088215,9.93893484295436,4.91112262430798,4.16388406043569,1.92890017140529,"persistent"
"Rab14",-0.675956615791043,-2.3523210915423,0.299890188007279,-1.46879428336574,-7.41929354150991,-3.09010588686303,-2.21685416987133,"nonresponder"
"Zfp27",-1.93367855587308,3.72692426394037,1.98494951958758,-2.80886164562962,2.16023540935731,4.48371223259819,-1.23673075660256,"intermediate"
"Zfp974",-0.621548672937387,3.86922414170644,1.61228635056529,5.29653238587222,4.07579902831204,9.08599437460169,-0.895909924516068,"persistent"
"Klf12",-1.84824579689524,2.82068894345293,1.91674792324932,0.53607166706554,10.0808531721936,7.03829012543598,-2.11883162825678,"persistent"
"Bhlhe40",-0.0420138014917266,10.6871752967235,2.1578519067105,-9.94887941837655,0.785791712522201,2.9204891624596,-1.00955572475043,"intermediate"
"Sp4",-0.834610855738231,20.7834925501873,1.96290368790328,1.81248563415496,-1.11629540360512,-0.70779093953629,-0.139110492448505,"persistent"
"Gabpa",-1.62625245071148,2.34685221646026,0.920397663309222,0.488520088275015,2.3600206176311,1.84117502132344,-0.964271141969705,"intermediate"
"Cux1",-1.0149225092302,2.59932162383192,2.23112936670079,2.24971398332803,5.0042993851805,7.03827290939131,-0.459584991199204,"persistent"
"Lbx2",-4.27450437344863,0.56075621476612,-0.463982076868126,0.0438455917475662,4.16985332151903,-1.02402712441744,-1.73848350838222,"intermediate"
"Pou6f1",-3.11291781353801,2.33946946138058,0.86681491214273,1.16465402750914,13.9856501675293,8.21913260051817,1.35276378204817,"persistent"
"Srebf1",-0.826052311534553,2.06361425970969,1.20620264372714,-0.0829189995434876,4.87908200363669,6.47265626512505,-0.514090130214503,"intermediate"
"Egr2",-2.41716111481109,1.19372612498558,0.135203755750956,-9.51500653836797,-23.4001531048018,-5.71778285381405,-0.606410513050579,"intermediate"
"Creb1",-1.27891641994611,2.82733903993356,2.54543325011951,0.347162117789612,2.93943078854863,3.45589293748122,-0.951179516295588,"intermediate"
"Ets1",-0.999388904510562,1.85293296489034,0.197873546471544,4.64445233639944,6.01775868884047,4.54336665950847,0.36043192056741,"persistent"
"Elf2",-1.78591562444936,3.0977123231017,1.46867292319219,-1.69515428119229,1.627992516392,8.44657339640337,1.45363085861151,"persistent"
"Usf1",-1.60021938488775,1.24135956403927,0.957230717511594,-1.05729884457929,6.59929213172555,7.69059575085687,-0.857319668802958,"intermediate"
"Tcf4",0.73279324247923,6.50119262042311,2.76578817647076,-2.54259085730742,-2.91620427870278,-1.17629373110332,0.188147915461853,"persistent"
"Arntl",-1.14159130757031,0.960545841001293,-0.320393157112437,1.41001000128812,8.52665452533999,10.461984990484,-0.662926114152462,"persistent"
"Usf2",-1.52454196897066,3.98717412003501,1.95530721022188,0.563050399557981,8.96028210595416,10.5520148245038,-0.984666682952368,"persistent"
"Atf2",-0.942252951336325,5.84766700687563,1.98013717717442,3.49290302630501,10.3755473703423,8.13109079441319,-1.07376248425366,"persistent"
"Rfx1",-1.91895482500661,1.47422646828375,0.70073157876262,2.3632006342938,3.00634659615865,3.34151963425691,-0.878193588524705,"persistent"
"Stat6",-1.09848744951469,4.14868342997919,2.98470369178277,-0.774559429966791,4.50003461210034,6.07572467784135,-1.78434225538296,"intermediate"
"Myc",-1.96661312553302,0.624248772829238,-0.320499228322154,1.15284842114572,7.33223485261479,0.61965013049468,-0.0208745240489517,"persistent"
"Ddit3",-0.177153351737776,-1.88777409424642,-1.37738414090819,-4.05475366435742,-17.0951256421348,-4.5809320649271,-0.305501386246117,"nonresponder"
"Batf",-2.18477435966964,2.91718863475503,1.58274664431782,-7.5280411206841,-2.50557195840269,-0.217894517867726,-3.24877139322571,"intermediate"
"Rest",-3.4206906088611,2.36354095781564,1.06630444987815,-0.337589787728743,2.50888735724546,1.95447658292856,-1.26199707394694,"intermediate"
"E2f4",-0.608604162619257,1.5448344293027,-0.0623008857838941,-1.46016272976608,1.91618721714496,-13.6604286853066,0.726963478078963,"intermediate"
"Ets2",1.16820430784356,5.72239626118476,1.61666320075243,2.59638259043238,16.3437460194467,11.4600512601994,1.61324721478155,"persistent"
"Irf8",-2.79253747874527,-4.20941485010978,-0.720113214430831,-4.84330216221402,-7.67874973810802,-4.43563616241246,-2.63470957263829,"nonresponder"
"Nfkb1",0.399087548431146,2.39518262512176,-0.130759966522456,-6.94776001057449,-7.56677946777083,-1.08048713763683,0.629863846227386,"intermediate"
"Klf16",-0.235604623350113,0.396635057538316,-0.0389049494233635,1.17476279331371,5.12416487036242,1.86694707275361,0.193639694097007,"persistent"
"Zfp148",-0.532001326566353,5.35726112598174,2.32852523326508,0.440893554410316,6.37784855923561,-4.25392045207125,0.366688843744001,"intermediate"
"Ezh2",4.45846214442895,3.95332469677948,-0.626040681240042,3.34887414147027,18.4726711305148,17.383220707722,1.24000191866443,"persistent"
"Rad21",-0.291412130972248,5.51501038216513,1.66398804945478,2.2827691853492,7.38285229272148,4.38451045015094,-0.740228535625936,"persistent"
"Gtf2b",-1.96840969303172,-3.32449941609392,-1.22710020491027,-5.02643813888253,-13.7002051953991,-0.316800624650812,-0.0859009737584526,"nonresponder"
"Zfp35",-2.05748758937954,3.13515966300991,1.85696486461093,0.331572275420764,5.76796478050496,4.21713785360865,-1.55638102700818,"intermediate"
"Zfp369",-0.423187356998652,5.62087057767738,1.93949880649446,-2.90971674051404,-0.808389603715487,-6.00243953829406,-1.53459775486926,"intermediate"
"Gtf3c2",-1.69833622474672,0.789005904043704,0.967241282468543,1.86711421639161,-2.48326065858643,2.7828994339928,-1.22024980025617,"persistent"
"Bmyc",-0.994796469372074,-5.45777080877404,-2.13755134237593,-1.73172373832728,-8.13558260008325,-5.09358064350327,-1.36330787491355,"nonresponder"
"Nelfe",2.41401526370296,2.08012879722303,-0.357821729218908,-0.013911703045471,-3.40501625653665,-3.9034848761806,4.78334061447832,"intermediate"
"Pole4",4.30417433364791,-0.518158160861468,-0.633691593557209,5.8062766540054,5.5577025902367,6.25294450805101,0.325312382633546,"persistent"
"Psmd12",9.57801973761992,-3.98867891980951,-2.37600817573812,25.4826809497507,-6.43203925717096,-7.79321643207299,3.13674276578727,"switcher"
"Smarca4",-1.74071813854673,4.14214904059873,1.66529698434347,-3.87619583207114,-0.111178809147306,-1.24078636992398,-1.77799040160584,"intermediate"
"Smarcb1",3.63236092253269,1.44118985085973,-0.773724556194563,5.34445885732034,14.3434627722314,6.01066603220376,2.14510877869417,"persistent"
"Supt20",-1.80883861652549,3.80907448052187,2.01319544288481,0.362670367768628,10.085283575203,4.41044713887705,-1.64671759306491,"intermediate"
"Ubtf",-1.32667658702684,1.58643197156968,0.969705170126917,1.09489301930895,3.68863971195285,5.03375725965217,-1.32165703603987,"persistent"
